recipe_name,ingredients,preperation_steps,vegan_friendly_(yes/no),nut-free_(yes/no),non-dairy_friendly_(yes/no),vegan_substitute,dairy_substitute,nut_substitute,dietary_tags,source_url,protein_g,carbs_g,fat_g,fiber_g,sugar_g,calories,calorie_class,food_name,category,protein,carbs,fat,iron,vitamin_c,unnamed:_0,fat_(g),carb._(g),fiber_(g),sodium,protein_(g),beverage_category,beverage,beverage_prep,total_fat_(g),trans_fat_(g),saturated_fat_(g),sodium_(mg),total_carbohydrates_(g),cholesterol_(mg),dietary_fibre_(g),sugars_(g),vitamin_a_(%_dv),vitamin_c_(%_dv),calcium_(%_dv),iron_(%_dv),caffeine_(mg),item_name,protein_std,carbs_std,fat_std,fiber_std,sugar_std,calories_std
Strawberry-Orange,"10 frozen strawberries, 1 cup yogurt, 1/2 cup orange juice, 1/2 teaspoon sugar","1. In a food processor or blender, process all the ingredients until smooth.",No,Yes,No,coconut milk,coconut milk,,Nut-Free,https://recipes.heart.org/en/recipes/strawberry-orange-smoothie,0.0,0.0,0.0,0.0,0.0,,,,,,0.0,0.0,0.0,0.0,,,,,,0.0,,,,,0.0,0.0,0.0,0.0,0.0,0.0,0.0,,,,,,Strawberry-Orange,0.0,0.0,0.0,0.0,0.0,0.0
Blueberry-Mango,"3/4 cup yogurt, 3/4 cup whole milk, 3/4 cup blueberries, 3/4 cup mangos, 1 tablespoon honey, 1 splash vanilla extract","1. Add all ingredients to a blender. 2. Process until the mixture is completely smooth. 3. If the smoothie is too thick, add additional milk. 4. Pour and serve immediately.",No,Yes,No,coconut milk; sugar,coconut milk,,Nut-Free,https://recipes.heart.org/en/recipes/blueberry-mango-smoothie,0.0,0.0,0.0,0.0,0.0,,,,,,0.0,0.0,0.0,0.0,,,,,,0.0,,,,,0.0,0.0,0.0,0.0,0.0,0.0,0.0,,,,,,Blueberry-Mango,0.0,0.0,0.0,0.0,0.0,0.0
Avocado-Coconut,"2 avocados, 3 cups coconut milk, 3 cups mangos","1. In a food processor or blender, process all the ingredients until smooth.",Yes,Yes,Yes,,,,Vegan; Nut-Free; Non-Dairy,https://recipes.heart.org/en/recipes/avocado-and-coconut-refresher-smoothie,0.0,0.0,0.0,0.0,0.0,,,,,,0.0,0.0,0.0,0.0,,,,,,0.0,,,,,0.0,0.0,0.0,0.0,0.0,0.0,0.0,,,,,,Avocado-Coconut,0.0,0.0,0.0,0.0,0.0,0.0
Blueberry,"2 cups peaches, 2 cups spinach, 1 cup blueberries, 1 cup whole milk, 1 teaspoon honey","1. In a food processor or blender, process all the ingredients until smooth, about 1 to 2 minutes, stopping to scrape down the mixture if necessary. 2. Pour into glasses. ",No,Yes,No,coconut milk; honey,coconut milk,,Nut-Free,https://recipes.heart.org/en/recipes/bluey-smoothie,0.0,0.0,0.0,0.0,0.0,,,,,,0.0,0.0,0.0,0.0,,,,,,0.0,,,,,0.0,0.0,0.0,0.0,0.0,0.0,0.0,,,,,,Blueberry,0.0,0.0,0.0,0.0,0.0,0.0
Peanut Butter,"1 bananas, 1/2 cup whole milk, 1/4 cup yogurt, 1 1/2 tablespoons peanut butter",1. Put all of the ingredients into a blender and blend until smooth.,No,No,No,coconut milk,coconut milk,sunflower seed butter,,https://www.foodnetwork.com/recipes/ellie-krieger/peanut-butter-split-smoothie-recipe-1957586,0.0,0.0,0.0,0.0,0.0,,,,,,0.0,0.0,0.0,0.0,,,,,,0.0,,,,,0.0,0.0,0.0,0.0,0.0,0.0,0.0,,,,,,Peanut Butter,0.0,0.0,0.0,0.0,0.0,0.0
Berry-Beet,"2 cups mixed berries, strawberries and raspberries, 1 beets, 1 tablespoon lemon juice, 2 teaspoons coconut oil","1. Put the berries, 1/2 cup cold water, beet, lemon juice, honey and coconut oil into a blender. 2. Blend on high until smooth, turning off the blender and pushing down on the ingredients with a spatula or wooden spoon as needed to help the blending process. 3. Add 1 to 2 tablespoons more water if needed to adjust consistency.",Yes,Yes,Yes,,,,Vegan; Nut-Free; Non-Dairy,https://www.foodnetwork.com/recipes/food-network-kitchen/red-berry-and-beet-smoothie-3362663,0.0,0.0,0.0,0.0,0.0,,,,,,0.0,0.0,0.0,0.0,,,,,,0.0,,,,,0.0,0.0,0.0,0.0,0.0,0.0,0.0,,,,,,Berry-Beet,0.0,0.0,0.0,0.0,0.0,0.0
Watermelon-Cucumber,"1/2 cup cucumbers, 3 tablespoons whole milk, 1 tablespoon honey, 1/2 lime juice, 2 cups watermelons","1. Put the cucumber, buttermilk, honey if using and lime juice into a blender. 2. Blend on high until smooth. 3. Add half of the frozen watermelon and blend until almost completely smooth, turning off the blender and pushing down on the ingredients with a spatula or wooden spoon as needed to help the blending process. 4. Add the remaining frozen watermelon and continue to blend until smooth. 5. Add 1 to 2 tablespoons of water if needed to adjust consistency. 6. Pour into a glass and garnish with a cucumber slice.",No,Yes,No,coconut milk; sugar,coconut milk,,Nut-Free,https://www.foodnetwork.com/recipes/food-network-kitchen/watermelon-and-cucumber-smoothie-3363159,0.0,0.0,0.0,0.0,0.0,,,,,,0.0,0.0,0.0,0.0,,,,,,0.0,,,,,0.0,0.0,0.0,0.0,0.0,0.0,0.0,,,,,,Watermelon-Cucumber,0.0,0.0,0.0,0.0,0.0,0.0
Tomato-Watermelon,"1/2 cup tomatoes, 3/4 cup watermelon, 1/2 strawberries, 2 basil leaves, 1 tablespoon honey",1. Blend ingredients in a blender until smooth. 2. Pour into a glass and garnish with a watermelon wedge.,No,Yes,Yes,sugar,,,Nut-Free; Non-Dairy,https://www.foodnetwork.com/healthyeats/recipes/a-year-of-smoothie-recipes,0.0,0.0,0.0,0.0,0.0,,,,,,0.0,0.0,0.0,0.0,,,,,,0.0,,,,,0.0,0.0,0.0,0.0,0.0,0.0,0.0,,,,,,Tomato-Watermelon,0.0,0.0,0.0,0.0,0.0,0.0
Lime-in-the-Coconut,"2 teaspoons lime juice, 1 bananas, up coconut milk, 1 cup spinach, 1 tablespoon honey",1. Blend ingredients in a blender until smooth. 2. Pour into a glass and garnish with an umbrella straw.,No,Yes,Yes,sugar,,,Nut-Free; Non-Dairy,https://www.fitlivingeats.com/smoothie-recipe-lime-in-the-coconut/,0.0,0.0,0.0,0.0,0.0,,,,,,0.0,0.0,0.0,0.0,,,,,,0.0,,,,,0.0,0.0,0.0,0.0,0.0,0.0,0.0,,,,,,Lime-in-the-Coconut,0.0,0.0,0.0,0.0,0.0,0.0
Carrot,"1 cup carrots, 1 cup orange juice","1. In a covered small saucepan, cook carrots in a small amount of boiling water about 15 minutes or until very tender. 2. Drain well. 3. Cool. 4. Place drained carrots in a blender. 5. Add orange juice. 6. Cover and blend until smooth. 7. Add ice cubes; cover and blend until smooth. 8. Pour into glasses.",Yes,Yes,Yes,,,,,https://www.eatingwell.com/recipe/259625/carrot-smoothie/,0.0,0.0,0.0,0.0,0.0,,,,,,0.0,0.0,0.0,0.0,,,,,,0.0,,,,,0.0,0.0,0.0,0.0,0.0,0.0,0.0,,,,,,Carrot,0.0,0.0,0.0,0.0,0.0,0.0
,,,,,,,,,,,0.0,0.0,0.0,0.0,0.0,134.0,,"Apple, candied",Apples,1.34,29.61,2.15,0.12,3.6,,,,,,0.0,,,,,0.0,0.0,0.0,0.0,0.0,0.0,0.0,,,,,,"Apple, candied",1.34,29.61,2.15,0.0,0.0,134.0
,,,,,,,,,,,0.0,0.0,0.0,0.0,0.0,61.0,,"Apple, raw",Apples,0.17,14.8,0.15,0.03,4.6,,,,,,0.0,,,,,0.0,0.0,0.0,0.0,0.0,0.0,0.0,,,,,,"Apple, raw",0.17,14.8,0.15,0.0,0.0,61.0
,,,,,,,,,,,0.0,0.0,0.0,0.0,0.0,243.0,,"Apple, dried",Dried fruits,0.93,65.89,0.32,1.4,3.9,,,,,,0.0,,,,,0.0,0.0,0.0,0.0,0.0,0.0,0.0,,,,,,"Apple, dried",0.93,65.89,0.32,0.0,0.0,243.0
,,,,,,,,,,,0.0,0.0,0.0,0.0,0.0,215.0,,"Crisp, apple",Cakes and pies,2.81,30.18,9.59,1.0,0.6,,,,,,0.0,,,,,0.0,0.0,0.0,0.0,0.0,0.0,0.0,,,,,,"Crisp, apple",2.81,30.18,9.59,0.0,0.0,215.0
,,,,,,,,,,,0.0,0.0,0.0,0.0,0.0,113.0,,"Apple, baked",Apples,0.32,22.7,3.08,0.19,3.9,,,,,,0.0,,,,,0.0,0.0,0.0,0.0,0.0,0.0,0.0,,,,,,"Apple, baked",0.32,22.7,3.08,0.0,0.0,113.0
,,,,,,,,,,,0.0,0.0,0.0,0.0,0.0,46.0,,Apple cider,Apple juice,0.1,11.3,0.13,0.12,0.9,,,,,,0.0,,,,,0.0,0.0,0.0,0.0,0.0,0.0,0.0,,,,,,Apple cider,0.1,11.3,0.13,0.0,0.0,46.0
,,,,,,,,,,,0.0,0.0,0.0,0.0,0.0,217.0,,"Cobbler, apple",Cakes and pies,2.05,33.56,8.66,0.98,0.6,,,,,,0.0,,,,,0.0,0.0,0.0,0.0,0.0,0.0,0.0,,,,,,"Cobbler, apple",2.05,33.56,8.66,0.0,0.0,217.0
,,,,,,,,,,,0.0,0.0,0.0,0.0,0.0,1060.0,,"Croissants, apple",Baked Products,7.4,37.1,8.7,1.1,0.5,,,,,,0.0,,,,,0.0,0.0,0.0,0.0,0.0,0.0,0.0,,,,,,"Croissants, apple",7.4,37.1,8.7,0.0,0.0,1060.0
,,,,,,,,,,,0.0,0.0,0.0,0.0,0.0,296.0,,"Pie, apple",Cakes and pies,2.7,37.55,15.28,1.23,0.5,,,,,,0.0,,,,,0.0,0.0,0.0,0.0,0.0,0.0,0.0,,,,,,"Pie, apple",2.7,37.55,15.28,0.0,0.0,296.0
,,,,,,,,,,,0.0,0.0,0.0,0.0,0.0,281.0,,"Strudel, apple",Cakes and pies,1.96,37.18,14.08,0.3,0.5,,,,,,0.0,,,,,0.0,0.0,0.0,0.0,0.0,0.0,0.0,,,,,,"Strudel, apple",1.96,37.18,14.08,0.0,0.0,281.0
,,,,,,,,,,,0.0,0.0,0.0,0.0,0.0,100.0,,Apple pie filling,Apples,0.1,26.1,0.1,0.29,1.7,,,,,,0.0,,,,,0.0,0.0,0.0,0.0,0.0,0.0,0.0,,,,,,Apple pie filling,0.1,26.1,0.1,0.0,0.0,100.0
,,,,,,,,,,,0.0,0.0,0.0,0.0,0.0,48.0,,"Apple juice, 100%",Apple juice,0.09,11.34,0.25,0.06,38.6,,,,,,0.0,,,,,0.0,0.0,0.0,0.0,0.0,0.0,0.0,,,,,,"Apple juice, 100%",0.09,11.34,0.25,0.0,0.0,48.0
,,,,,,,,,,,0.0,0.0,0.0,0.0,0.0,180.0,,Apple salad with dressing,Other fruits and fruit salads,1.45,12.2,14.24,0.28,3.4,,,,,,0.0,,,,,0.0,0.0,0.0,0.0,0.0,0.0,0.0,,,,,,Apple salad with dressing,1.45,12.2,14.24,0.0,0.0,180.0
,,,,,,,,,,,0.0,0.0,0.0,0.0,0.0,376.0,,"Cake or cupcake, apple",Cakes and pies,2.41,52.52,17.5,0.9,0.2,,,,,,0.0,,,,,0.0,0.0,0.0,0.0,0.0,0.0,0.0,,,,,,"Cake or cupcake, apple",2.41,52.52,17.5,0.0,0.0,376.0
,,,,,,,,,,,0.0,0.0,0.0,0.0,0.0,173.0,,"Fruit butters, apple",Sweets,0.39,42.5,0.3,0.31,0.6,,,,,,0.0,,,,,0.0,0.0,0.0,0.0,0.0,0.0,0.0,,,,,,"Fruit butters, apple",0.39,42.5,0.3,0.0,0.0,173.0
,,,,,,,,,,,0.0,0.0,0.0,0.0,0.0,105.0,,"Rose-apples, raw",Fruits and Fruit Juices,0.6,5.7,0.3,0.07,22.3,,,,,,0.0,,,,,0.0,0.0,0.0,0.0,0.0,0.0,0.0,,,,,,"Rose-apples, raw",0.6,5.7,0.3,0.0,0.0,105.0
,,,,,,,,,,,0.0,0.0,0.0,0.0,0.0,181.0,,"Carrots, raw, salad with apples","Coleslaw, non-lettuce salads",0.85,8.59,16.02,0.16,6.4,,,,,,0.0,,,,,0.0,0.0,0.0,0.0,0.0,0.0,0.0,,,,,,"Carrots, raw, salad with apples",0.85,8.59,16.02,0.0,0.0,181.0
,,,,,,,,,,,0.0,0.0,0.0,0.0,0.0,161.0,,"Banana, baked",Bananas,0.82,32.43,3.21,0.06,10.4,,,,,,0.0,,,,,0.0,0.0,0.0,0.0,0.0,0.0,0.0,,,,,,"Banana, baked",0.82,32.43,3.21,0.0,0.0,161.0
,,,,,,,,,,,0.0,0.0,0.0,0.0,0.0,97.0,,"Banana, raw",Bananas,0.74,22.71,0.28,0.0,12.0,,,,,,0.0,,,,,0.0,0.0,0.0,0.0,0.0,0.0,0.0,,,,,,"Banana, raw",0.74,22.71,0.28,0.0,0.0,97.0
,,,,,,,,,,,0.0,0.0,0.0,0.0,0.0,519.0,,Banana chips,Dried fruits,2.3,58.4,33.6,1.25,6.3,,,,,,0.0,,,,,0.0,0.0,0.0,0.0,0.0,0.0,0.0,,,,,,Banana chips,2.3,58.4,33.6,0.0,0.0,519.0
,,,,,,,,,,,0.0,0.0,0.0,0.0,0.0,74.0,,Banana nectar,Fruit drinks,0.26,18.01,0.13,0.0,4.3,,,,,,0.0,,,,,0.0,0.0,0.0,0.0,0.0,0.0,0.0,,,,,,Banana nectar,0.26,18.01,0.13,0.0,0.0,74.0
,,,,,,,,,,,0.0,0.0,0.0,0.0,0.0,160.0,,Banana pudding,Pudding,2.57,28.0,4.26,0.42,3.2,,,,,,0.0,,,,,0.0,0.0,0.0,0.0,0.0,0.0,0.0,,,,,,Banana pudding,2.57,28.0,4.26,0.0,0.0,160.0
,,,,,,,,,,,0.0,0.0,0.0,0.0,0.0,199.0,,Banana split,Ice cream and frozen dairy desserts,2.42,32.59,6.88,0.17,4.5,,,,,,0.0,,,,,0.0,0.0,0.0,0.0,0.0,0.0,0.0,,,,,,Banana split,2.42,32.59,6.88,0.0,0.0,199.0
,,,,,,,,,,,0.0,0.0,0.0,0.0,0.0,371.0,,"Bananas, raw",Fruits and Fruit Juices,1.09,22.8,0.33,0.26,8.7,,,,,,0.0,,,,,0.0,0.0,0.0,0.0,0.0,0.0,0.0,,,,,,"Bananas, raw",1.09,22.8,0.33,0.0,0.0,371.0
,,,,,,,,,,,0.0,0.0,0.0,0.0,0.0,85.0,,"Bananas, overripe, raw",Fruits and Fruit Juices,0.73,20.1,0.22,0.0,9.7,,,,,,0.0,,,,,0.0,0.0,0.0,0.0,0.0,0.0,0.0,,,,,,"Bananas, overripe, raw",0.73,20.1,0.22,0.0,0.0,85.0
,,,,,,,,,,,0.0,0.0,0.0,0.0,0.0,379.0,,"Cake or cupcake, banana",Cakes and pies,2.47,53.07,17.51,0.88,1.0,,,,,,0.0,,,,,0.0,0.0,0.0,0.0,0.0,0.0,0.0,,,,,,"Cake or cupcake, banana",2.47,53.07,17.51,0.0,0.0,379.0
,,,,,,,,,,,0.0,0.0,0.0,0.0,0.0,90.0,,"Melon, banana (Navajo)",American Indian/Alaska Native Foods,0.84,4.06,0.2,0.21,8.1,,,,,,0.0,,,,,0.0,0.0,0.0,0.0,0.0,0.0,0.0,,,,,,"Melon, banana (Navajo)",0.84,4.06,0.2,0.0,0.0,90.0
,,,,,,,,,,,0.0,0.0,0.0,0.0,0.0,27.0,,"Pepper, banana, raw",Vegetables and Vegetable Products,1.66,5.35,0.45,0.46,82.7,,,,,,0.0,,,,,0.0,0.0,0.0,0.0,0.0,0.0,0.0,,,,,,"Pepper, banana, raw",1.66,5.35,0.45,0.0,0.0,27.0
,,,,,,,,,,,0.0,0.0,0.0,0.0,0.0,27.0,,"Peppers, banana, raw",Other vegetables and combinations,1.66,5.35,0.45,0.46,82.7,,,,,,0.0,,,,,0.0,0.0,0.0,0.0,0.0,0.0,0.0,,,,,,"Peppers, banana, raw",1.66,5.35,0.45,0.0,0.0,27.0
,,,,,,,,,,,0.0,0.0,0.0,0.0,0.0,284.0,,"Pie, banana cream",Cakes and pies,2.42,32.35,16.17,0.6,0.8,,,,,,0.0,,,,,0.0,0.0,0.0,0.0,0.0,0.0,0.0,,,,,,"Pie, banana cream",2.42,32.35,16.17,0.0,0.0,284.0
,,,,,,,,,,,0.0,0.0,0.0,0.0,0.0,519.0,,"Snacks, banana chips",Snacks,2.3,58.4,33.6,1.25,6.3,,,,,,0.0,,,,,0.0,0.0,0.0,0.0,0.0,0.0,0.0,,,,,,"Snacks, banana chips",2.3,58.4,33.6,0.0,0.0,519.0
,,,,,,,,,,,0.0,0.0,0.0,0.0,0.0,50.0,,"Orange, raw",Citrus fruits,0.92,11.78,0.14,0.22,56.2,,,,,,0.0,,,,,0.0,0.0,0.0,0.0,0.0,0.0,0.0,,,,,,"Orange, raw",0.92,11.78,0.14,0.0,0.0,50.0
,,,,,,,,,,,0.0,0.0,0.0,0.0,0.0,246.0,,"Marmalade, orange",Sweets,0.3,66.3,0.0,0.15,4.8,,,,,,0.0,,,,,0.0,0.0,0.0,0.0,0.0,0.0,0.0,,,,,,"Marmalade, orange",0.3,66.3,0.0,0.0,0.0,246.0
,,,,,,,,,,,0.0,0.0,0.0,0.0,0.0,98.0,,Orange Blossom,Liquor and cocktails,0.57,9.32,0.26,0.06,21.2,,,,,,0.0,,,,,0.0,0.0,0.0,0.0,0.0,0.0,0.0,,,,,,Orange Blossom,0.57,9.32,0.26,0.0,0.0,98.0
,,,,,,,,,,,0.0,0.0,0.0,0.0,0.0,262.0,,Orange chicken,Stir-fry and soy-based sauce mixtures,14.46,22.46,12.68,0.94,0.9,,,,,,0.0,,,,,0.0,0.0,0.0,0.0,0.0,0.0,0.0,,,,,,Orange chicken,14.46,22.46,12.68,0.0,0.0,262.0
,,,,,,,,,,,0.0,0.0,0.0,0.0,0.0,144.0,,"Sherbet, orange",Sweets,1.1,30.4,2.0,0.14,2.3,,,,,,0.0,,,,,0.0,0.0,0.0,0.0,0.0,0.0,0.0,,,,,,"Sherbet, orange",1.1,30.4,2.0,0.0,0.0,144.0
,,,,,,,,,,,0.0,0.0,0.0,0.0,0.0,46.0,,"Orange, canned, NFS",Citrus fruits,0.6,11.82,0.04,0.26,33.3,,,,,,0.0,,,,,0.0,0.0,0.0,0.0,0.0,0.0,0.0,,,,,,"Orange, canned, NFS",0.6,11.82,0.04,0.0,0.0,46.0
,,,,,,,,,,,0.0,0.0,0.0,0.0,0.0,201.0,,"Beverages, carbonated, orange",Beverages,0.0,12.3,0.0,0.06,0.0,,,,,,0.0,,,,,0.0,0.0,0.0,0.0,0.0,0.0,0.0,,,,,,"Beverages, carbonated, orange",0.0,12.3,0.0,0.0,0.0,201.0
,,,,,,,,,,,0.0,0.0,0.0,0.0,0.0,405.0,,"Orange peel, raw",Fruits and Fruit Juices,1.5,25.0,0.2,0.8,136.0,,,,,,0.0,,,,,0.0,0.0,0.0,0.0,0.0,0.0,0.0,,,,,,"Orange peel, raw",1.5,25.0,0.2,0.0,0.0,405.0
,,,,,,,,,,,0.0,0.0,0.0,0.0,0.0,55.0,,"Orange, canned, in syrup",Citrus fruits,0.59,14.07,0.04,0.26,32.5,,,,,,0.0,,,,,0.0,0.0,0.0,0.0,0.0,0.0,0.0,,,,,,"Orange, canned, in syrup",0.59,14.07,0.04,0.0,0.0,55.0
,,,,,,,,,,,0.0,0.0,0.0,0.0,0.0,46.0,,"Oranges, raw, Florida",Fruits and Fruit Juices,0.7,11.5,0.21,0.09,45.0,,,,,,0.0,,,,,0.0,0.0,0.0,0.0,0.0,0.0,0.0,,,,,,"Oranges, raw, Florida",0.7,11.5,0.21,0.0,0.0,46.0
,,,,,,,,,,,0.0,0.0,0.0,0.0,0.0,47.0,,"Oranges, raw, navels",Fruits and Fruit Juices,0.91,11.8,0.15,0.33,59.1,,,,,,0.0,,,,,0.0,0.0,0.0,0.0,0.0,0.0,0.0,,,,,,"Oranges, raw, navels",0.91,11.8,0.15,0.0,0.0,47.0
,,,,,,,,,,,0.0,0.0,0.0,0.0,0.0,262.0,,"Oranges, raw, with peel",Fruits and Fruit Juices,1.3,15.5,0.3,0.8,71.0,,,,,,0.0,,,,,0.0,0.0,0.0,0.0,0.0,0.0,0.0,,,,,,"Oranges, raw, with peel",1.3,15.5,0.3,0.0,0.0,262.0
,,,,,,,,,,,0.0,0.0,0.0,0.0,0.0,67.0,,"Tomatoes, orange, raw",Vegetables and Vegetable Products,1.16,3.18,0.19,0.47,16.0,,,,,,0.0,,,,,0.0,0.0,0.0,0.0,0.0,0.0,0.0,,,,,,"Tomatoes, orange, raw",1.16,3.18,0.19,0.0,0.0,67.0
,,,,,,,,,,,0.0,0.0,0.0,0.0,0.0,83.0,,"Grapes, raw",Grapes,0.9,19.4,0.2,0.18,3.2,,,,,,0.0,,,,,0.0,0.0,0.0,0.0,0.0,0.0,0.0,,,,,,"Grapes, raw",0.9,19.4,0.2,0.0,0.0,83.0
,,,,,,,,,,,0.0,0.0,0.0,0.0,0.0,66.0,,"Grape juice, 100%",Other fruit juice,0.18,15.73,0.28,0.08,50.4,,,,,,0.0,,,,,0.0,0.0,0.0,0.0,0.0,0.0,0.0,,,,,,"Grape juice, 100%",0.18,15.73,0.28,0.0,0.0,66.0
,,,,,,,,,,,0.0,0.0,0.0,0.0,0.0,69.0,,"Grape leaves, canned",Vegetables and Vegetable Products,4.27,11.7,1.97,2.98,11.3,,,,,,0.0,,,,,0.0,0.0,0.0,0.0,0.0,0.0,0.0,,,,,,"Grape leaves, canned",4.27,11.7,1.97,0.0,0.0,69.0
,,,,,,,,,,,0.0,0.0,0.0,0.0,0.0,390.0,,"Grape leaves, raw",Vegetables and Vegetable Products,5.6,17.3,2.12,2.63,11.1,,,,,,0.0,,,,,0.0,0.0,0.0,0.0,0.0,0.0,0.0,,,,,,"Grape leaves, raw",5.6,17.3,2.12,0.0,0.0,390.0
,,,,,,,,,,,0.0,0.0,0.0,0.0,0.0,238.0,,"Grapes, muscadine, raw",Fruits and Fruit Juices,0.81,13.9,0.47,0.26,6.5,,,,,,0.0,,,,,0.0,0.0,0.0,0.0,0.0,0.0,0.0,,,,,,"Grapes, muscadine, raw",0.81,13.9,0.47,0.0,0.0,238.0
,,,,,,,,,,,0.0,0.0,0.0,0.0,0.0,27.0,,"Tomatoes, grape, raw",Vegetables and Vegetable Products,0.83,5.51,0.63,0.33,27.2,,,,,,0.0,,,,,0.0,0.0,0.0,0.0,0.0,0.0,0.0,,,,,,"Tomatoes, grape, raw",0.83,5.51,0.63,0.0,0.0,27.0
,,,,,,,,,,,0.0,0.0,0.0,0.0,0.0,180.0,,"Beverages, carbonated, grape soda",Beverages,0.0,11.2,0.0,0.08,0.0,,,,,,0.0,,,,,0.0,0.0,0.0,0.0,0.0,0.0,0.0,,,,,,"Beverages, carbonated, grape soda",0.0,11.2,0.0,0.0,0.0,180.0
,,,,,,,,,,,0.0,0.0,0.0,0.0,0.0,61.0,,"Beverages, grape drink, canned",Beverages,0.0,15.7,0.0,0.07,31.4,,,,,,0.0,,,,,0.0,0.0,0.0,0.0,0.0,0.0,0.0,,,,,,"Beverages, grape drink, canned",0.0,15.7,0.0,0.0,0.0,61.0
,,,,,,,,,,,0.0,0.0,0.0,0.0,0.0,23.0,,"Grape juice drink, light",Fruit drinks,0.06,5.51,0.1,0.03,17.6,,,,,,0.0,,,,,0.0,0.0,0.0,0.0,0.0,0.0,0.0,,,,,,"Grape juice drink, light",0.06,5.51,0.1,0.0,0.0,23.0
,,,,,,,,,,,0.0,0.0,0.0,0.0,0.0,168.0,,Grape leaves stuffed with rice,Rice mixed dishes,2.28,13.88,11.95,1.25,5.6,,,,,,0.0,,,,,0.0,0.0,0.0,0.0,0.0,0.0,0.0,,,,,,Grape leaves stuffed with rice,2.28,13.88,11.95,0.0,0.0,168.0
,,,,,,,,,,,0.0,0.0,0.0,0.0,0.0,237.0,,"Beverages, grape juice drink, canned",Beverages,0.0,14.6,0.0,0.13,26.5,,,,,,0.0,,,,,0.0,0.0,0.0,0.0,0.0,0.0,0.0,,,,,,"Beverages, grape juice drink, canned",0.0,14.6,0.0,0.0,0.0,237.0
,,,,,,,,,,,0.0,0.0,0.0,0.0,0.0,224.0,,"Beverages, OCEAN SPRAY, Cran Grape",Beverages,0.21,13.2,0.0,0.04,28.1,,,,,,0.0,,,,,0.0,0.0,0.0,0.0,0.0,0.0,0.0,,,,,,"Beverages, OCEAN SPRAY, Cran Grape",0.21,13.2,0.0,0.0,0.0,224.0
,,,,,,,,,,,0.0,0.0,0.0,0.0,0.0,62.0,,"Grape juice, 100%, with calcium added",Other fruit juice,0.37,14.77,0.13,0.25,25.0,,,,,,0.0,,,,,0.0,0.0,0.0,0.0,0.0,0.0,0.0,,,,,,"Grape juice, 100%, with calcium added",0.37,14.77,0.13,0.0,0.0,62.0
,,,,,,,,,,,0.0,0.0,0.0,0.0,0.0,228.0,,Stuffed grape leaves with beef and rice,Meat mixed dishes,8.15,11.3,17.03,1.91,9.7,,,,,,0.0,,,,,0.0,0.0,0.0,0.0,0.0,0.0,0.0,,,,,,Stuffed grape leaves with beef and rice,8.15,11.3,17.03,0.0,0.0,228.0
,,,,,,,,,,,0.0,0.0,0.0,0.0,0.0,271.0,,Stuffed grape leaves with lamb and rice,Meat mixed dishes,8.17,11.89,21.52,1.83,8.0,,,,,,0.0,,,,,0.0,0.0,0.0,0.0,0.0,0.0,0.0,,,,,,Stuffed grape leaves with lamb and rice,8.17,11.89,21.52,0.0,0.0,271.0
,,,,,,,,,,,0.0,0.0,0.0,0.0,0.0,60.0,,"Mango, raw",Mango and papaya,0.82,14.98,0.38,0.16,36.4,,,,,,0.0,,,,,0.0,0.0,0.0,0.0,0.0,0.0,0.0,,,,,,"Mango, raw",0.82,14.98,0.38,0.0,0.0,60.0
,,,,,,,,,,,0.0,0.0,0.0,0.0,0.0,65.0,,"Mango, canned",Mango and papaya,0.62,16.22,0.3,0.12,21.8,,,,,,0.0,,,,,0.0,0.0,0.0,0.0,0.0,0.0,0.0,,,,,,"Mango, canned",0.62,16.22,0.3,0.0,0.0,65.0
,,,,,,,,,,,0.0,0.0,0.0,0.0,0.0,60.0,,"Mango, frozen",Mango and papaya,0.82,14.98,0.38,0.16,36.4,,,,,,0.0,,,,,0.0,0.0,0.0,0.0,0.0,0.0,0.0,,,,,,"Mango, frozen",0.82,14.98,0.38,0.0,0.0,60.0
,,,,,,,,,,,0.0,0.0,0.0,0.0,0.0,51.0,,Mango nectar,Fruit drinks,0.11,13.12,0.06,0.36,15.2,,,,,,0.0,,,,,0.0,0.0,0.0,0.0,0.0,0.0,0.0,,,,,,Mango nectar,0.11,13.12,0.06,0.0,0.0,51.0
,,,,,,,,,,,0.0,0.0,0.0,0.0,0.0,319.0,,"Mango, dried",Dried fruits,2.45,78.58,1.18,0.23,42.3,,,,,,0.0,,,,,0.0,0.0,0.0,0.0,0.0,0.0,0.0,,,,,,"Mango, dried",2.45,78.58,1.18,0.0,0.0,319.0
,,,,,,,,,,,0.0,0.0,0.0,0.0,0.0,60.0,,"Mangos, raw",Fruits and Fruit Juices,0.82,15.0,0.38,0.16,36.4,,,,,,0.0,,,,,0.0,0.0,0.0,0.0,0.0,0.0,0.0,,,,,,"Mangos, raw",0.82,15.0,0.38,0.0,0.0,60.0
,,,,,,,,,,,0.0,0.0,0.0,0.0,0.0,51.0,,"Mango nectar, canned",Fruits and Fruit Juices,0.11,13.1,0.06,0.36,15.2,,,,,,0.0,,,,,0.0,0.0,0.0,0.0,0.0,0.0,0.0,,,,,,"Mango nectar, canned",0.11,13.1,0.06,0.0,0.0,51.0
,,,,,,,,,,,0.0,0.0,0.0,0.0,0.0,1340.0,,"Mango, dried, sweetened",Fruits and Fruit Juices,2.45,78.6,1.18,0.23,42.3,,,,,,0.0,,,,,0.0,0.0,0.0,0.0,0.0,0.0,0.0,,,,,,"Mango, dried, sweetened",2.45,78.6,1.18,0.0,0.0,1340.0
,,,,,,,,,,,0.0,0.0,0.0,0.0,0.0,37.0,,"Beverages, V8 SPLASH Smoothies, Peach Mango",Beverages,1.22,7.76,0.0,0.15,24.5,,,,,,0.0,,,,,0.0,0.0,0.0,0.0,0.0,0.0,0.0,,,,,,"Beverages, V8 SPLASH Smoothies, Peach Mango",1.22,7.76,0.0,0.0,0.0,37.0
,,,,,,,,,,,0.0,0.0,0.0,0.0,0.0,93.0,,"Yogurt, Greek, 2% fat, mango, CHOBANI",Dairy and Egg Products,7.64,11.8,1.69,0.03,0.0,,,,,,0.0,,,,,0.0,0.0,0.0,0.0,0.0,0.0,0.0,,,,,,"Yogurt, Greek, 2% fat, mango, CHOBANI",7.64,11.8,1.69,0.0,0.0,93.0
,,,,,,,,,,,0.0,0.0,0.0,0.0,0.0,33.0,,"Beverages, V8 SPLASH Juice Drinks, Mango Peach",Beverages,0.0,8.23,0.0,0.0,24.7,,,,,,0.0,,,,,0.0,0.0,0.0,0.0,0.0,0.0,0.0,,,,,,"Beverages, V8 SPLASH Juice Drinks, Mango Peach",0.0,8.23,0.0,0.0,0.0,33.0
,,,,,,,,,,,0.0,0.0,0.0,0.0,0.0,49.0,,"Beverages, V8 V-FUSION Juices, Peach Mango",Beverages,0.41,11.4,0.0,0.15,24.4,,,,,,0.0,,,,,0.0,0.0,0.0,0.0,0.0,0.0,0.0,,,,,,"Beverages, V8 V-FUSION Juices, Peach Mango",0.41,11.4,0.0,0.0,0.0,49.0
,,,,,,,,,,,0.0,0.0,0.0,0.0,0.0,262.0,,"Fruit juice smoothie, NAKED JUICE, MIGHTY MANGO",Fruits and Fruit Juices,0.42,15.0,0.0,0.15,2.5,,,,,,0.0,,,,,0.0,0.0,0.0,0.0,0.0,0.0,0.0,,,,,,"Fruit juice smoothie, NAKED JUICE, MIGHTY MANGO",0.42,15.0,0.0,0.0,0.0,262.0
,,,,,,,,,,,0.0,0.0,0.0,0.0,0.0,34.0,,"Salsa, red, homemade",Tomato-based condiments,1.44,6.74,0.19,0.42,1.9,,,,,,0.0,,,,,0.0,0.0,0.0,0.0,0.0,0.0,0.0,,,,,,"Salsa, red, homemade",1.44,6.74,0.19,0.0,0.0,34.0
,,,,,,,,,,,0.0,0.0,0.0,0.0,0.0,59.0,,"Pear, raw",Pears,0.37,15.18,0.15,0.18,4.3,,,,,,0.0,,,,,0.0,0.0,0.0,0.0,0.0,0.0,0.0,,,,,,"Pear, raw",0.37,15.18,0.15,0.0,0.0,59.0
,,,,,,,,,,,0.0,0.0,0.0,0.0,0.0,60.0,,Pear nectar,Fruit drinks,0.11,15.76,0.01,0.26,1.1,,,,,,0.0,,,,,0.0,0.0,0.0,0.0,0.0,0.0,0.0,,,,,,Pear nectar,0.11,15.76,0.01,0.0,0.0,60.0
,,,,,,,,,,,0.0,0.0,0.0,0.0,0.0,262.0,,"Pear, dried",Dried fruits,1.87,69.7,0.63,2.1,7.0,,,,,,0.0,,,,,0.0,0.0,0.0,0.0,0.0,0.0,0.0,,,,,,"Pear, dried",1.87,69.7,0.63,0.0,0.0,262.0
,,,,,,,,,,,0.0,0.0,0.0,0.0,0.0,57.0,,"Pears, raw",Fruits and Fruit Juices,0.36,15.2,0.14,0.18,4.3,,,,,,0.0,,,,,0.0,0.0,0.0,0.0,0.0,0.0,0.0,,,,,,"Pears, raw",0.36,15.2,0.14,0.0,0.0,57.0
,,,,,,,,,,,0.0,0.0,0.0,0.0,0.0,42.0,,"Pear, Asian, raw",Pears,0.5,10.65,0.23,0.0,3.8,,,,,,0.0,,,,,0.0,0.0,0.0,0.0,0.0,0.0,0.0,,,,,,"Pear, Asian, raw",0.5,10.65,0.23,0.0,0.0,42.0
,,,,,,,,,,,0.0,0.0,0.0,0.0,0.0,59.0,,"Pear, canned, in syrup",Pears,0.18,15.15,0.05,0.2,0.9,,,,,,0.0,,,,,0.0,0.0,0.0,0.0,0.0,0.0,0.0,,,,,,"Pear, canned, in syrup",0.18,15.15,0.05,0.0,0.0,59.0
,,,,,,,,,,,0.0,0.0,0.0,0.0,0.0,52.0,,"Pear, canned, NFS",Pears,0.2,13.47,0.06,0.25,1.0,,,,,,0.0,,,,,0.0,0.0,0.0,0.0,0.0,0.0,0.0,,,,,,"Pear, canned, NFS",0.2,13.47,0.06,0.0,0.0,52.0
,,,,,,,,,,,0.0,0.0,0.0,0.0,0.0,176.0,,"Pears, asian, raw",Fruits and Fruit Juices,0.5,10.6,0.23,0.0,3.8,,,,,,0.0,,,,,0.0,0.0,0.0,0.0,0.0,0.0,0.0,,,,,,"Pears, asian, raw",0.5,10.6,0.23,0.0,0.0,176.0
,,,,,,,,,,,0.0,0.0,0.0,0.0,0.0,238.0,,"Pears, raw, bartlett",Fruits and Fruit Juices,0.38,15.1,0.16,0.17,4.4,,,,,,0.0,,,,,0.0,0.0,0.0,0.0,0.0,0.0,0.0,,,,,,"Pears, raw, bartlett",0.38,15.1,0.16,0.0,0.0,238.0
,,,,,,,,,,,0.0,0.0,0.0,0.0,0.0,172.0,,"Prickly pears, raw",Fruits and Fruit Juices,0.73,9.57,0.51,0.3,14.0,,,,,,0.0,,,,,0.0,0.0,0.0,0.0,0.0,0.0,0.0,,,,,,"Prickly pears, raw",0.73,9.57,0.51,0.0,0.0,172.0
,,,,,,,,,,,0.0,0.0,0.0,0.0,0.0,45.0,,"Pear, canned, juice pack",Pears,0.23,11.79,0.07,0.29,1.1,,,,,,0.0,,,,,0.0,0.0,0.0,0.0,0.0,0.0,0.0,,,,,,"Pear, canned, juice pack",0.23,11.79,0.07,0.0,0.0,45.0
,,,,,,,,,,,0.0,0.0,0.0,0.0,0.0,1100.0,,"Pears, dried, sulfured, uncooked",Fruits and Fruit Juices,1.87,69.7,0.63,2.1,7.0,,,,,,0.0,,,,,0.0,0.0,0.0,0.0,0.0,0.0,0.0,,,,,,"Pears, dried, sulfured, uncooked",1.87,69.7,0.63,0.0,0.0,1100.0
,,,,,,,,,,,0.0,0.0,0.0,0.0,0.0,62.0,,"Pears, raw, red anjou",Fruits and Fruit Juices,0.33,14.9,0.14,0.19,5.2,,,,,,0.0,,,,,0.0,0.0,0.0,0.0,0.0,0.0,0.0,,,,,,"Pears, raw, red anjou",0.33,14.9,0.14,0.0,0.0,62.0
,,,,,,,,,,,0.0,0.0,0.0,0.0,0.0,36.0,,"Strawberries, raw",Strawberries,0.64,7.96,0.22,0.26,59.6,,,,,,0.0,,,,,0.0,0.0,0.0,0.0,0.0,0.0,0.0,,,,,,"Strawberries, raw",0.64,7.96,0.22,0.0,0.0,36.0
,,,,,,,,,,,0.0,0.0,0.0,0.0,0.0,92.0,,"Strawberries, canned",Strawberries,0.56,23.53,0.26,0.49,31.7,,,,,,0.0,,,,,0.0,0.0,0.0,0.0,0.0,0.0,0.0,,,,,,"Strawberries, canned",0.56,23.53,0.26,0.0,0.0,92.0
,,,,,,,,,,,0.0,0.0,0.0,0.0,0.0,35.0,,"Strawberries, frozen",Strawberries,0.43,9.13,0.11,0.75,41.2,,,,,,0.0,,,,,0.0,0.0,0.0,0.0,0.0,0.0,0.0,,,,,,"Strawberries, frozen",0.43,9.13,0.11,0.0,0.0,35.0
,,,,,,,,,,,0.0,0.0,0.0,0.0,0.0,289.0,,"Pie, strawberry",Cakes and pies,2.88,44.22,11.6,1.37,15.8,,,,,,0.0,,,,,0.0,0.0,0.0,0.0,0.0,0.0,0.0,,,,,,"Pie, strawberry",2.88,44.22,11.6,0.0,0.0,289.0
,,,,,,,,,,,0.0,0.0,0.0,0.0,0.0,1060.0,,"Toppings, strawberry",Sweets,0.2,66.3,0.1,0.28,13.7,,,,,,0.0,,,,,0.0,0.0,0.0,0.0,0.0,0.0,0.0,,,,,,"Toppings, strawberry",0.2,66.3,0.1,0.0,0.0,1060.0
,,,,,,,,,,,0.0,0.0,0.0,0.0,0.0,326.0,,"Cake or cupcake, strawberry",Cakes and pies,2.22,50.25,12.89,0.87,3.3,,,,,,0.0,,,,,0.0,0.0,0.0,0.0,0.0,0.0,0.0,,,,,,"Cake or cupcake, strawberry",2.22,50.25,12.89,0.0,0.0,326.0
,,,,,,,,,,,0.0,0.0,0.0,0.0,0.0,214.0,,"Cake, strawberry shortcake",Cakes and pies,3.31,40.09,4.73,1.6,12.4,,,,,,0.0,,,,,0.0,0.0,0.0,0.0,0.0,0.0,0.0,,,,,,"Cake, strawberry shortcake",3.31,40.09,4.73,0.0,0.0,214.0
,,,,,,,,,,,0.0,0.0,0.0,0.0,0.0,289.0,,"Guavas, strawberry, raw",Fruits and Fruit Juices,0.58,17.4,0.6,0.22,37.0,,,,,,0.0,,,,,0.0,0.0,0.0,0.0,0.0,0.0,0.0,,,,,,"Guavas, strawberry, raw",0.58,17.4,0.6,0.0,0.0,289.0
,,,,,,,,,,,0.0,0.0,0.0,0.0,0.0,803.0,,"Ice creams, strawberry",Sweets,3.2,27.6,8.4,0.21,7.7,,,,,,0.0,,,,,0.0,0.0,0.0,0.0,0.0,0.0,0.0,,,,,,"Ice creams, strawberry",3.2,27.6,8.4,0.0,0.0,803.0
,,,,,,,,,,,0.0,0.0,0.0,0.0,0.0,158.0,,"McDONALD'S, Strawberry Sundae",Fast Foods,3.19,28.1,3.95,0.1,1.5,,,,,,0.0,,,,,0.0,0.0,0.0,0.0,0.0,0.0,0.0,,,,,,"McDONALD'S, Strawberry Sundae",3.19,28.1,3.95,0.0,0.0,158.0
,,,,,,,,,,,0.0,0.0,0.0,0.0,0.0,261.0,,Strawberry drink syrup,"Jams, syrups, toppings",0.0,65.1,0.02,0.03,0.0,,,,,,0.0,,,,,0.0,0.0,0.0,0.0,0.0,0.0,0.0,,,,,,Strawberry drink syrup,0.0,65.1,0.02,0.0,0.0,261.0
,,,,,,,,,,,0.0,0.0,0.0,0.0,0.0,23.0,,"Strawberry juice, 100%",Other fruit juice,0.42,5.17,0.14,0.17,38.7,,,,,,0.0,,,,,0.0,0.0,0.0,0.0,0.0,0.0,0.0,,,,,,"Strawberry juice, 100%",0.42,5.17,0.14,0.0,0.0,23.0
,,,,,,,,,,,0.0,0.0,0.0,0.0,0.0,65.0,,"Strawberry milk, NFS","Flavored milk, reduced fat",3.2,8.54,2.06,0.02,0.1,,,,,,0.0,,,,,0.0,0.0,0.0,0.0,0.0,0.0,0.0,,,,,,"Strawberry milk, NFS",3.2,8.54,2.06,0.0,0.0,65.0
,,,,,,,,,,,0.0,0.0,0.0,0.0,0.0,86.0,,"Strawberry milk, whole","Flavored milk, whole",3.03,11.79,2.97,0.03,0.0,,,,,,0.0,,,,,0.0,0.0,0.0,0.0,0.0,0.0,0.0,,,,,,"Strawberry milk, whole",3.03,11.79,2.97,0.0,0.0,86.0
,,,,,,,,,,,0.0,0.0,0.0,0.0,0.0,732.0,,"Fast foods, sundae, strawberry",Fast Foods,4.09,29.2,5.13,0.21,1.3,,,,,,0.0,,,,,0.0,0.0,0.0,0.0,0.0,0.0,0.0,,,,,,"Fast foods, sundae, strawberry",4.09,29.2,5.13,0.0,0.0,732.0
,,,,,,,,,,,0.0,0.0,0.0,0.0,0.0,62.0,,"Kefir, lowfat, strawberry, LIFEWAY",Dairy and Egg Products,3.39,10.2,0.9,0.04,1.5,,,,,,0.0,,,,,0.0,0.0,0.0,0.0,0.0,0.0,0.0,,,,,,"Kefir, lowfat, strawberry, LIFEWAY",3.39,10.2,0.9,0.0,0.0,62.0
,,,,,,,,,,,0.0,0.0,0.0,0.0,0.0,94.0,,SILK Strawberry soy yogurt,Legumes and Legume Products,2.35,18.2,1.18,0.64,17.6,,,,,,0.0,,,,,0.0,0.0,0.0,0.0,0.0,0.0,0.0,,,,,,SILK Strawberry soy yogurt,2.35,18.2,1.18,0.0,0.0,94.0
,,,,,,,,,,,0.0,0.0,0.0,0.0,0.0,402.0,,"Strawberries, frozen, sweetened, sliced",Fruits and Fruit Juices,0.53,25.9,0.13,0.59,41.4,,,,,,0.0,,,,,0.0,0.0,0.0,0.0,0.0,0.0,0.0,,,,,,"Strawberries, frozen, sweetened, sliced",0.53,25.9,0.13,0.0,0.0,402.0
,,,,,,,,,,,0.0,0.0,0.0,0.0,0.0,64.0,,"Blueberries, raw",Blueberries and other berries,0.7,14.57,0.31,0.34,8.1,,,,,,0.0,,,,,0.0,0.0,0.0,0.0,0.0,0.0,0.0,,,,,,"Blueberries, raw",0.7,14.57,0.31,0.0,0.0,64.0
,,,,,,,,,,,0.0,0.0,0.0,0.0,0.0,51.0,,"Blueberries, frozen",Blueberries and other berries,0.42,12.17,0.64,0.18,2.5,,,,,,0.0,,,,,0.0,0.0,0.0,0.0,0.0,0.0,0.0,,,,,,"Blueberries, frozen",0.42,12.17,0.64,0.0,0.0,51.0
,,,,,,,,,,,0.0,0.0,0.0,0.0,0.0,317.0,,"Blueberries, dried",Dried fruits,2.5,80.0,2.5,0.9,23.8,,,,,,0.0,,,,,0.0,0.0,0.0,0.0,0.0,0.0,0.0,,,,,,"Blueberries, dried",2.5,80.0,2.5,0.0,0.0,317.0
,,,,,,,,,,,0.0,0.0,0.0,0.0,0.0,42.0,,Blueberry juice,Other fruit juice,0.46,9.47,0.2,0.22,5.3,,,,,,0.0,,,,,0.0,0.0,0.0,0.0,0.0,0.0,0.0,,,,,,Blueberry juice,0.46,9.47,0.2,0.0,0.0,42.0
,,,,,,,,,,,0.0,0.0,0.0,0.0,0.0,341.0,,Blueberry syrup,"Jams, syrups, toppings",0.0,85.13,0.0,0.04,1.6,,,,,,0.0,,,,,0.0,0.0,0.0,0.0,0.0,0.0,0.0,,,,,,Blueberry syrup,0.0,85.13,0.0,0.0,0.0,341.0
,,,,,,,,,,,0.0,0.0,0.0,0.0,0.0,300.0,,"Pie, blueberry",Cakes and pies,2.82,37.95,15.52,1.21,1.1,,,,,,0.0,,,,,0.0,0.0,0.0,0.0,0.0,0.0,0.0,,,,,,"Pie, blueberry",2.82,37.95,15.52,0.0,0.0,300.0
,,,,,,,,,,,0.0,0.0,0.0,0.0,0.0,1330.0,,"Blueberries, dried, sweetened",Fruits and Fruit Juices,2.5,80.0,2.5,0.9,23.8,,,,,,0.0,,,,,0.0,0.0,0.0,0.0,0.0,0.0,0.0,,,,,,"Blueberries, dried, sweetened",2.5,80.0,2.5,0.0,0.0,1330.0
,,,,,,,,,,,0.0,0.0,0.0,0.0,0.0,355.0,,"Blueberries, frozen, sweetened",Fruits and Fruit Juices,0.4,22.0,0.13,0.39,1.0,,,,,,0.0,,,,,0.0,0.0,0.0,0.0,0.0,0.0,0.0,,,,,,"Blueberries, frozen, sweetened",0.4,22.0,0.13,0.0,0.0,355.0
,,,,,,,,,,,0.0,0.0,0.0,0.0,0.0,181.0,,Blueberry pie filling,"Jams, syrups, toppings",0.41,44.38,0.2,0.8,0.7,,,,,,0.0,,,,,0.0,0.0,0.0,0.0,0.0,0.0,0.0,,,,,,Blueberry pie filling,0.41,44.38,0.2,0.0,0.0,181.0
,,,,,,,,,,,0.0,0.0,0.0,0.0,0.0,1310.0,,"Muffins, blueberry, toaster-type",Baked Products,4.6,53.3,9.5,0.51,0.0,,,,,,0.0,,,,,0.0,0.0,0.0,0.0,0.0,0.0,0.0,,,,,,"Muffins, blueberry, toaster-type",4.6,53.3,9.5,0.0,0.0,1310.0
,,,,,,,,,,,0.0,0.0,0.0,0.0,0.0,757.0,,"Pie fillings, blueberry, canned",Sweets,0.41,44.4,0.2,0.8,0.7,,,,,,0.0,,,,,0.0,0.0,0.0,0.0,0.0,0.0,0.0,,,,,,"Pie fillings, blueberry, canned",0.41,44.4,0.2,0.0,0.0,757.0
,,,,,,,,,,,0.0,0.0,0.0,0.0,0.0,971.0,,"Pie, blueberry, commercially prepared",Baked Products,1.8,34.9,10.0,0.3,2.7,,,,,,0.0,,,,,0.0,0.0,0.0,0.0,0.0,0.0,0.0,,,,,,"Pie, blueberry, commercially prepared",1.8,34.9,10.0,0.0,0.0,971.0
,,,,,,,,,,,0.0,0.0,0.0,0.0,0.0,88.0,,SILK Blueberry soy yogurt,Legumes and Legume Products,2.35,17.1,1.18,0.64,17.6,,,,,,0.0,,,,,0.0,0.0,0.0,0.0,0.0,0.0,0.0,,,,,,SILK Blueberry soy yogurt,2.35,17.1,1.18,0.0,0.0,88.0
,,,,,,,,,,,0.0,0.0,0.0,0.0,0.0,82.0,,"Yogurt, Greek, Blueberry, CHOBANI",Dairy and Egg Products,7.23,12.8,0.24,0.15,0.3,,,,,,0.0,,,,,0.0,0.0,0.0,0.0,0.0,0.0,0.0,,,,,,"Yogurt, Greek, Blueberry, CHOBANI",7.23,12.8,0.24,0.0,0.0,82.0
,,,,,,,,,,,0.0,0.0,0.0,0.0,0.0,171.0,,Potato patty,French fries and other fried white potatoes,3.89,13.49,11.32,0.75,0.5,,,,,,0.0,,,,,0.0,0.0,0.0,0.0,0.0,0.0,0.0,,,,,,Potato patty,3.89,13.49,11.32,0.0,0.0,171.0
,,,,,,,,,,,0.0,0.0,0.0,0.0,0.0,90.0,,"Soup, potato","Soups, cream-based",1.51,10.53,4.71,0.34,7.1,,,,,,0.0,,,,,0.0,0.0,0.0,0.0,0.0,0.0,0.0,,,,,,"Soup, potato",1.51,10.53,4.71,0.0,0.0,90.0
,,,,,,,,,,,0.0,0.0,0.0,0.0,0.0,196.0,,Potato pancake,Mashed potatoes and white potato mixtures,4.47,20.64,10.8,1.3,15.6,,,,,,0.0,,,,,0.0,0.0,0.0,0.0,0.0,0.0,0.0,,,,,,Potato pancake,4.47,20.64,10.8,0.0,0.0,196.0
,,,,,,,,,,,0.0,0.0,0.0,0.0,0.0,103.0,,Stewed potatoes,Mashed potatoes and white potato mixtures,1.99,16.26,3.39,0.38,15.1,,,,,,0.0,,,,,0.0,0.0,0.0,0.0,0.0,0.0,0.0,,,,,,Stewed potatoes,1.99,16.26,3.39,0.0,0.0,103.0
,,,,,,,,,,,0.0,0.0,0.0,0.0,0.0,126.0,,"Potato, NFS","White potatoes, baked or boiled",1.87,20.45,4.25,0.34,12.1,,,,,,0.0,,,,,0.0,0.0,0.0,0.0,0.0,0.0,0.0,,,,,,"Potato, NFS",1.87,20.45,4.25,0.0,0.0,126.0
,,,,,,,,,,,0.0,0.0,0.0,0.0,0.0,1120.0,,"Bread, potato",Baked Products,12.5,47.1,3.13,2.25,0.0,,,,,,0.0,,,,,0.0,0.0,0.0,0.0,0.0,0.0,0.0,,,,,,"Bread, potato",12.5,47.1,3.13,0.0,0.0,1120.0
,,,,,,,,,,,0.0,0.0,0.0,0.0,0.0,135.0,,"Gnocchi, potato","Pasta mixed dishes, excludes macaroni and cheese",2.44,17.2,6.33,0.83,1.9,,,,,,0.0,,,,,0.0,0.0,0.0,0.0,0.0,0.0,0.0,,,,,,"Gnocchi, potato",2.44,17.2,6.33,0.0,0.0,135.0
,,,,,,,,,,,0.0,0.0,0.0,0.0,0.0,357.0,,Potato flour,Vegetables and Vegetable Products,6.9,83.1,0.34,1.38,3.8,,,,,,0.0,,,,,0.0,0.0,0.0,0.0,0.0,0.0,0.0,,,,,,Potato flour,6.9,83.1,0.34,0.0,0.0,357.0
,,,,,,,,,,,0.0,0.0,0.0,0.0,0.0,268.0,,Potato pancakes,Vegetables and Vegetable Products,6.08,27.8,14.8,1.67,27.6,,,,,,0.0,,,,,0.0,0.0,0.0,0.0,0.0,0.0,0.0,,,,,,Potato pancakes,6.08,27.8,14.8,0.0,0.0,268.0
,,,,,,,,,,,0.0,0.0,0.0,0.0,0.0,109.0,,"Soup, potato with meat","Soups, cream-based",3.78,8.81,6.43,0.48,5.5,,,,,,0.0,,,,,0.0,0.0,0.0,0.0,0.0,0.0,0.0,,,,,,"Soup, potato with meat",3.78,8.81,6.43,0.0,0.0,109.0
,,,,,,,,,,,0.0,0.0,0.0,0.0,0.0,237.0,,"Potato tots, NFS",French fries and other fried white potatoes,1.9,24.4,15.46,0.47,6.4,,,,,,0.0,,,,,0.0,0.0,0.0,0.0,0.0,0.0,0.0,,,,,,"Potato tots, NFS",1.9,24.4,15.46,0.0,0.0,237.0
,,,,,,,,,,,0.0,0.0,0.0,0.0,0.0,166.0,,"Potato tots, school",French fries and other fried white potatoes,2.02,19.34,9.16,0.66,10.1,,,,,,0.0,,,,,0.0,0.0,0.0,0.0,0.0,0.0,0.0,,,,,,"Potato tots, school",2.02,19.34,9.16,0.0,0.0,166.0
,,,,,,,,,,,0.0,0.0,0.0,0.0,0.0,191.0,,Sweet potato tots,Fried vegetables,2.26,37.3,9.35,0.81,7.5,,,,,,0.0,,,,,0.0,0.0,0.0,0.0,0.0,0.0,0.0,,,,,,Sweet potato tots,2.26,37.3,9.35,0.0,0.0,191.0
,,,,,,,,,,,0.0,0.0,0.0,0.0,0.0,126.0,,"Potato, boiled, NFS","White potatoes, baked or boiled",1.87,20.45,4.25,0.34,12.1,,,,,,0.0,,,,,0.0,0.0,0.0,0.0,0.0,0.0,0.0,,,,,,"Potato, boiled, NFS",1.87,20.45,4.25,0.0,0.0,126.0
,,,,,,,,,,,0.0,0.0,0.0,0.0,0.0,532.0,,"Potato chips, NFS",Potato chips,6.39,53.83,33.98,1.28,21.6,,,,,,0.0,,,,,0.0,0.0,0.0,0.0,0.0,0.0,0.0,,,,,,"Potato chips, NFS",6.39,53.83,33.98,0.0,0.0,532.0
,,,,,,,,,,,0.0,0.0,0.0,0.0,0.0,532.0,,"Potato chips, plain",Potato chips,6.39,53.83,33.98,1.28,21.6,,,,,,0.0,,,,,0.0,0.0,0.0,0.0,0.0,0.0,0.0,,,,,,"Potato chips, plain",6.39,53.83,33.98,0.0,0.0,532.0
,,,,,,,,,,,0.0,0.0,0.0,0.0,0.0,537.0,,"Potato chips, unsalted",Potato chips,6.25,59.66,30.3,1.19,22.6,,,,,,0.0,,,,,0.0,0.0,0.0,0.0,0.0,0.0,0.0,,,,,,"Potato chips, unsalted",6.25,59.66,30.3,0.0,0.0,537.0
,,,,,,,,,,,0.0,0.0,0.0,0.0,0.0,517.0,,"Potato sticks, flavored",Potato chips,6.63,52.77,34.06,2.25,46.8,,,,,,0.0,,,,,0.0,0.0,0.0,0.0,0.0,0.0,0.0,,,,,,"Potato sticks, flavored",6.63,52.77,34.06,0.0,0.0,517.0
,,,,,,,,,,,0.0,0.0,0.0,0.0,0.0,241.0,,"Bread, sweet potato",Yeast breads,8.64,45.38,2.87,3.14,4.1,,,,,,0.0,,,,,0.0,0.0,0.0,0.0,0.0,0.0,0.0,,,,,,"Bread, sweet potato",8.64,45.38,2.87,0.0,0.0,241.0
,,,,,,,,,,,0.0,0.0,0.0,0.0,0.0,269.0,,"Pie, sweet potato",Cakes and pies,4.96,41.08,9.75,1.06,10.3,,,,,,0.0,,,,,0.0,0.0,0.0,0.0,0.0,0.0,0.0,,,,,,"Pie, sweet potato",4.96,41.08,9.75,0.0,0.0,269.0
,,,,,,,,,,,0.0,0.0,0.0,0.0,0.0,529.0,,Sweet potato chips,"Tortilla, corn, other chips",2.92,56.54,32.19,2.11,0.0,,,,,,0.0,,,,,0.0,0.0,0.0,0.0,0.0,0.0,0.0,,,,,,Sweet potato chips,2.92,56.54,32.19,0.0,0.0,529.0
,,,,,,,,,,,0.0,0.0,0.0,0.0,0.0,305.0,,Sweet potato paste,"Jams, syrups, toppings",0.49,75.14,0.34,0.16,3.9,,,,,,0.0,,,,,0.0,0.0,0.0,0.0,0.0,0.0,0.0,,,,,,Sweet potato paste,0.49,75.14,0.34,0.0,0.0,305.0
,,,,,,,,,,,0.0,0.0,0.0,0.0,0.0,187.0,,"Sweet potato, candied",Other red and orange vegetables,1.18,37.69,3.48,0.31,9.3,,,,,,0.0,,,,,0.0,0.0,0.0,0.0,0.0,0.0,0.0,,,,,,"Sweet potato, candied",1.18,37.69,3.48,0.0,0.0,187.0
,,,,,,,,,,,0.0,0.0,0.0,0.0,0.0,115.0,,"Sweet potato, NFS",Other red and orange vegetables,1.58,17.14,4.53,0.4,12.4,,,,,,0.0,,,,,0.0,0.0,0.0,0.0,0.0,0.0,0.0,,,,,,"Sweet potato, NFS",1.58,17.14,4.53,0.0,0.0,115.0
,,,,,,,,,,,0.0,0.0,0.0,0.0,0.0,192.0,,"Sweet potato tots, school",Fried vegetables,2.27,37.45,9.39,0.81,7.5,,,,,,0.0,,,,,0.0,0.0,0.0,0.0,0.0,0.0,0.0,,,,,,"Sweet potato tots, school",2.27,37.45,9.39,0.0,0.0,192.0
,,,,,,,,,,,0.0,0.0,0.0,0.0,0.0,99.0,,"Sweet potato, casserole or mashed",Other red and orange vegetables,1.89,17.22,2.56,0.34,10.4,,,,,,0.0,,,,,0.0,0.0,0.0,0.0,0.0,0.0,0.0,,,,,,"Sweet potato, casserole or mashed",1.89,17.22,2.56,0.0,0.0,99.0
,,,,,,,,,,,0.0,0.0,0.0,0.0,0.0,265.0,,"Bread, sweet potato, toasted",Yeast breads,9.5,49.87,3.15,3.45,3.8,,,,,,0.0,,,,,0.0,0.0,0.0,0.0,0.0,0.0,0.0,,,,,,"Bread, sweet potato, toasted",9.5,49.87,3.15,0.0,0.0,265.0
,,,,,,,,,,,0.0,0.0,0.0,0.0,0.0,192.0,,"Sweet potato fries, frozen",Fried vegetables,2.27,37.45,9.39,0.81,7.5,,,,,,0.0,,,,,0.0,0.0,0.0,0.0,0.0,0.0,0.0,,,,,,"Sweet potato fries, frozen",2.27,37.45,9.39,0.0,0.0,192.0
,,,,,,,,,,,0.0,0.0,0.0,0.0,0.0,192.0,,"Sweet potato fries, NFS",Fried vegetables,2.27,37.45,9.39,0.81,7.5,,,,,,0.0,,,,,0.0,0.0,0.0,0.0,0.0,0.0,0.0,,,,,,"Sweet potato fries, NFS",2.27,37.45,9.39,0.0,0.0,192.0
,,,,,,,,,,,0.0,0.0,0.0,0.0,0.0,192.0,,"Sweet potato fries, school",Fried vegetables,2.27,37.45,9.39,0.81,7.5,,,,,,0.0,,,,,0.0,0.0,0.0,0.0,0.0,0.0,0.0,,,,,,"Sweet potato fries, school",2.27,37.45,9.39,0.0,0.0,192.0
,,,,,,,,,,,0.0,0.0,0.0,0.0,0.0,175.0,,"Sweet potato leaves, raw",Vegetables and Vegetable Products,2.49,8.82,0.51,0.97,11.0,,,,,,0.0,,,,,0.0,0.0,0.0,0.0,0.0,0.0,0.0,,,,,,"Sweet potato leaves, raw",2.49,8.82,0.51,0.0,0.0,175.0
,,,,,,,,,,,0.0,0.0,0.0,0.0,0.0,101.0,,"Sweet potato, canned, mashed",Vegetables and Vegetable Products,1.98,23.2,0.2,1.33,5.2,,,,,,0.0,,,,,0.0,0.0,0.0,0.0,0.0,0.0,0.0,,,,,,"Sweet potato, canned, mashed",1.98,23.2,0.2,0.0,0.0,101.0
,,,,,,,,,,,0.0,0.0,0.0,0.0,0.0,82.0,,"Sweet potato, cooked, as ingredient",Not included in a food category,1.65,18.05,0.4,0.42,13.1,,,,,,0.0,,,,,0.0,0.0,0.0,0.0,0.0,0.0,0.0,,,,,,"Sweet potato, cooked, as ingredient",1.65,18.05,0.4,0.0,0.0,82.0
,,,,,,,,,,,0.0,0.0,0.0,0.0,0.0,20.0,,"Tomatoes, raw",Tomatoes,0.82,4.04,0.31,0.22,16.3,,,,,,0.0,,,,,0.0,0.0,0.0,0.0,0.0,0.0,0.0,,,,,,"Tomatoes, raw",0.82,4.04,0.31,0.0,0.0,20.0
,,,,,,,,,,,0.0,0.0,0.0,0.0,0.0,145.0,,Guacamole with tomatoes,"Dips, gravies, other sauces",1.87,8.09,13.09,0.52,10.5,,,,,,0.0,,,,,0.0,0.0,0.0,0.0,0.0,0.0,0.0,,,,,,Guacamole with tomatoes,1.87,8.09,13.09,0.0,0.0,145.0
,,,,,,,,,,,0.0,0.0,0.0,0.0,0.0,19.0,,"Soup, tomato","Soups, broth-based",0.65,3.64,0.41,0.44,5.9,,,,,,0.0,,,,,0.0,0.0,0.0,0.0,0.0,0.0,0.0,,,,,,"Soup, tomato",0.65,3.64,0.41,0.0,0.0,19.0
,,,,,,,,,,,0.0,0.0,0.0,0.0,0.0,110.0,,"Tomatoes, scalloped",Vegetable dishes,2.7,14.1,4.97,0.89,12.2,,,,,,0.0,,,,,0.0,0.0,0.0,0.0,0.0,0.0,0.0,,,,,,"Tomatoes, scalloped",2.7,14.1,4.97,0.0,0.0,110.0
,,,,,,,,,,,0.0,0.0,0.0,0.0,0.0,134.0,,"Tomato products, canned, sauce, with tomato tidbits",Vegetables and Vegetable Products,1.32,7.09,0.39,0.68,21.5,,,,,,0.0,,,,,0.0,0.0,0.0,0.0,0.0,0.0,0.0,,,,,,"Tomato products, canned, sauce, with tomato tidbits",1.32,7.09,0.39,0.0,0.0,134.0
,,,,,,,,,,,0.0,0.0,0.0,0.0,0.0,258.0,,Sun-dried tomatoes,Tomatoes,14.11,55.76,2.97,9.09,39.2,,,,,,0.0,,,,,0.0,0.0,0.0,0.0,0.0,0.0,0.0,,,,,,Sun-dried tomatoes,14.11,55.76,2.97,0.0,0.0,258.0
,,,,,,,,,,,0.0,0.0,0.0,0.0,0.0,16.0,,"Tomatoes, red, ripe, canned, packed in tomato juice",Vegetables and Vegetable Products,0.79,3.47,0.25,0.57,12.6,,,,,,0.0,,,,,0.0,0.0,0.0,0.0,0.0,0.0,0.0,,,,,,"Tomatoes, red, ripe, canned, packed in tomato juice",0.79,3.47,0.25,0.0,0.0,16.0
,,,,,,,,,,,0.0,0.0,0.0,0.0,0.0,216.0,,Fried green tomatoes,Fried vegetables,3.68,21.78,12.84,1.64,6.2,,,,,,0.0,,,,,0.0,0.0,0.0,0.0,0.0,0.0,0.0,,,,,,Fried green tomatoes,3.68,21.78,12.84,0.0,0.0,216.0
,,,,,,,,,,,0.0,0.0,0.0,0.0,0.0,22.0,,Tomato juice cocktail,Vegetable juice,0.93,3.87,0.31,0.28,54.3,,,,,,0.0,,,,,0.0,0.0,0.0,0.0,0.0,0.0,0.0,,,,,,Tomato juice cocktail,0.93,3.87,0.31,0.0,0.0,22.0
,,,,,,,,,,,0.0,0.0,0.0,0.0,0.0,107.0,,"Rice, white, with tomatoes and/or tomato-based sauce, fat added",Rice mixed dishes,2.0,19.41,2.18,0.97,4.1,,,,,,0.0,,,,,0.0,0.0,0.0,0.0,0.0,0.0,0.0,,,,,,"Rice, white, with tomatoes and/or tomato-based sauce, fat added",2.0,19.41,2.18,0.0,0.0,107.0
,,,,,,,,,,,0.0,0.0,0.0,0.0,0.0,43.0,,"Tomatoes, canned, cooked",Tomatoes,0.82,3.23,3.04,0.56,12.2,,,,,,0.0,,,,,0.0,0.0,0.0,0.0,0.0,0.0,0.0,,,,,,"Tomatoes, canned, cooked",0.82,3.23,3.04,0.0,0.0,43.0
,,,,,,,,,,,0.0,0.0,0.0,0.0,0.0,50.0,,"Tomatoes, fresh, cooked",Tomatoes,1.08,4.71,3.42,0.33,15.8,,,,,,0.0,,,,,0.0,0.0,0.0,0.0,0.0,0.0,0.0,,,,,,"Tomatoes, fresh, cooked",1.08,4.71,3.42,0.0,0.0,50.0
,,,,,,,,,,,0.0,0.0,0.0,0.0,0.0,326.0,,Bacon and tomato dressing,Salad dressings and vegetable oils,1.8,2.0,35.0,0.27,8.8,,,,,,0.0,,,,,0.0,0.0,0.0,0.0,0.0,0.0,0.0,,,,,,Bacon and tomato dressing,1.8,2.0,35.0,0.0,0.0,326.0
,,,,,,,,,,,0.0,0.0,0.0,0.0,0.0,137.0,,"Beans and rice, with tomatoes","Bean, pea, legume dishes",4.7,21.9,3.46,1.46,1.5,,,,,,0.0,,,,,0.0,0.0,0.0,0.0,0.0,0.0,0.0,,,,,,"Beans and rice, with tomatoes",4.7,21.9,3.46,0.0,0.0,137.0
,,,,,,,,,,,0.0,0.0,0.0,0.0,0.0,95.0,,Pork with chili and tomatoes,Meat mixed dishes,11.64,2.68,3.99,0.58,16.7,,,,,,0.0,,,,,0.0,0.0,0.0,0.0,0.0,0.0,0.0,,,,,,Pork with chili and tomatoes,11.64,2.68,3.99,0.0,0.0,95.0
,,,,,,,,,,,0.0,0.0,0.0,0.0,0.0,70.0,,"Soup, cream of tomato","Soups, cream-based",1.21,6.39,4.68,0.6,6.0,,,,,,0.0,,,,,0.0,0.0,0.0,0.0,0.0,0.0,0.0,,,,,,"Soup, cream of tomato",1.21,6.39,4.68,0.0,0.0,70.0
,,,,,,,,,,,0.0,0.0,0.0,0.0,0.0,34.0,,"Soup, tomato, canned","Soups, broth-based",0.63,7.65,0.33,0.44,2.8,,,,,,0.0,,,,,0.0,0.0,0.0,0.0,0.0,0.0,0.0,,,,,,"Soup, tomato, canned",0.63,7.65,0.33,0.0,0.0,34.0
,,,,,,,,,,,0.0,0.0,0.0,0.0,0.0,87.0,,Stewed potatoes with tomatoes,Mashed potatoes and white potato mixtures,1.71,12.89,3.29,0.36,15.1,,,,,,0.0,,,,,0.0,0.0,0.0,0.0,0.0,0.0,0.0,,,,,,Stewed potatoes with tomatoes,1.71,12.89,3.29,0.0,0.0,87.0
,,,,,,,,,,,0.0,0.0,0.0,0.0,0.0,38.0,,"Onions, raw",Onions,0.86,8.46,0.08,0.24,8.2,,,,,,0.0,,,,,0.0,0.0,0.0,0.0,0.0,0.0,0.0,,,,,,"Onions, raw",0.86,8.46,0.08,0.0,0.0,38.0
,,,,,,,,,,,0.0,0.0,0.0,0.0,0.0,238.0,,"Bread, onion",Yeast breads,8.81,44.32,2.95,3.11,0.9,,,,,,0.0,,,,,0.0,0.0,0.0,0.0,0.0,0.0,0.0,,,,,,"Bread, onion",8.81,44.32,2.95,0.0,0.0,238.0
,,,,,,,,,,,0.0,0.0,0.0,0.0,0.0,32.0,,"Onions, green, raw",Onions,1.83,7.34,0.19,1.48,18.8,,,,,,0.0,,,,,0.0,0.0,0.0,0.0,0.0,0.0,0.0,,,,,,"Onions, green, raw",1.83,7.34,0.19,0.0,0.0,32.0
,,,,,,,,,,,0.0,0.0,0.0,0.0,0.0,63.0,,"Onions, green, cooked",Onions,2.09,8.37,3.21,1.69,18.2,,,,,,0.0,,,,,0.0,0.0,0.0,0.0,0.0,0.0,0.0,,,,,,"Onions, green, cooked",2.09,8.37,3.21,0.0,0.0,63.0
,,,,,,,,,,,0.0,0.0,0.0,0.0,0.0,50.0,,"Onions, pearl, cooked",Onions,0.7,6.49,2.59,0.33,4.9,,,,,,0.0,,,,,0.0,0.0,0.0,0.0,0.0,0.0,0.0,,,,,,"Onions, pearl, cooked",0.7,6.49,2.59,0.0,0.0,50.0
,,,,,,,,,,,0.0,0.0,0.0,0.0,0.0,346.0,,"Onion dip, regular","Dips, gravies, other sauces",2.15,3.92,35.77,0.1,0.9,,,,,,0.0,,,,,0.0,0.0,0.0,0.0,0.0,0.0,0.0,,,,,,"Onion dip, regular",2.15,3.92,35.77,0.0,0.0,346.0
,,,,,,,,,,,0.0,0.0,0.0,0.0,0.0,166.0,,"Onion dip, light","Dips, gravies, other sauces",2.0,11.87,12.36,0.1,0.9,,,,,,0.0,,,,,0.0,0.0,0.0,0.0,0.0,0.0,0.0,,,,,,"Onion dip, light",2.0,11.87,12.36,0.0,0.0,166.0
,,,,,,,,,,,0.0,0.0,0.0,0.0,0.0,262.0,,"Bread, onion, toasted",Yeast breads,9.68,48.7,3.24,3.41,0.8,,,,,,0.0,,,,,0.0,0.0,0.0,0.0,0.0,0.0,0.0,,,,,,"Bread, onion, toasted",9.68,48.7,3.24,0.0,0.0,262.0
,,,,,,,,,,,0.0,0.0,0.0,0.0,0.0,385.0,,"DENNY'S, onion rings",Restaurant Foods,5.29,41.0,22.2,0.74,0.0,,,,,,0.0,,,,,0.0,0.0,0.0,0.0,0.0,0.0,0.0,,,,,,"DENNY'S, onion rings",5.29,41.0,22.2,0.0,0.0,385.0
,,,,,,,,,,,0.0,0.0,0.0,0.0,0.0,352.0,,Fried onion rings,Fried vegetables,4.19,39.94,19.82,0.96,1.5,,,,,,0.0,,,,,0.0,0.0,0.0,0.0,0.0,0.0,0.0,,,,,,Fried onion rings,4.19,39.94,19.82,0.0,0.0,352.0
,,,,,,,,,,,0.0,0.0,0.0,0.0,0.0,499.0,,Onion flavored rings,"Tortilla, corn, other chips",7.7,65.1,22.6,3.72,1.8,,,,,,0.0,,,,,0.0,0.0,0.0,0.0,0.0,0.0,0.0,,,,,,Onion flavored rings,7.7,65.1,22.6,0.0,0.0,499.0
,,,,,,,,,,,0.0,0.0,0.0,0.0,0.0,47.0,,"Onions, cooked, as ingredient",Not included in a food category,1.29,10.99,0.12,0.25,7.4,,,,,,0.0,,,,,0.0,0.0,0.0,0.0,0.0,0.0,0.0,,,,,,"Onions, cooked, as ingredient",1.29,10.99,0.12,0.0,0.0,47.0
,,,,,,,,,,,0.0,0.0,0.0,0.0,0.0,349.0,,"Onions, dehydrated flakes",Vegetables and Vegetable Products,8.95,83.3,0.46,1.55,75.0,,,,,,0.0,,,,,0.0,0.0,0.0,0.0,0.0,0.0,0.0,,,,,,"Onions, dehydrated flakes",8.95,83.3,0.46,0.0,0.0,349.0
,,,,,,,,,,,0.0,0.0,0.0,0.0,0.0,38.0,,"Onions, for use on a sandwich",Vegetables on a sandwich,0.86,8.46,0.08,0.24,8.2,,,,,,0.0,,,,,0.0,0.0,0.0,0.0,0.0,0.0,0.0,,,,,,"Onions, for use on a sandwich",0.86,8.46,0.08,0.0,0.0,38.0
,,,,,,,,,,,0.0,0.0,0.0,0.0,0.0,44.0,,"Onions, red, raw",Vegetables and Vegetable Products,0.94,9.93,0.1,0.24,8.1,,,,,,0.0,,,,,0.0,0.0,0.0,0.0,0.0,0.0,0.0,,,,,,"Onions, red, raw",0.94,9.93,0.1,0.0,0.0,44.0
,,,,,,,,,,,0.0,0.0,0.0,0.0,0.0,32.0,,"Onions, sweet, raw",Vegetables and Vegetable Products,0.8,7.55,0.08,0.26,4.8,,,,,,0.0,,,,,0.0,0.0,0.0,0.0,0.0,0.0,0.0,,,,,,"Onions, sweet, raw",0.8,7.55,0.08,0.0,0.0,32.0
,,,,,,,,,,,0.0,0.0,0.0,0.0,0.0,142.0,,"Onions, welsh, raw",Vegetables and Vegetable Products,1.9,6.5,0.4,1.22,27.0,,,,,,0.0,,,,,0.0,0.0,0.0,0.0,0.0,0.0,0.0,,,,,,"Onions, welsh, raw",1.9,6.5,0.4,0.0,0.0,142.0
,,,,,,,,,,,0.0,0.0,0.0,0.0,0.0,35.0,,"Onions, white, raw",Vegetables and Vegetable Products,0.89,7.68,0.13,0.15,0.0,,,,,,0.0,,,,,0.0,0.0,0.0,0.0,0.0,0.0,0.0,,,,,,"Onions, white, raw",0.89,7.68,0.13,0.0,0.0,35.0
,,,,,,,,,,,0.0,0.0,0.0,0.0,0.0,38.0,,"Onions, yellow, raw",Vegetables and Vegetable Products,0.83,8.61,0.05,0.28,8.2,,,,,,0.0,,,,,0.0,0.0,0.0,0.0,0.0,0.0,0.0,,,,,,"Onions, yellow, raw",0.83,8.61,0.05,0.0,0.0,38.0
,,,,,,,,,,,0.0,0.0,0.0,0.0,0.0,683.0,,Garlic sauce,"Dips, gravies, other sauces",1.43,2.87,74.02,0.22,1.0,,,,,,0.0,,,,,0.0,0.0,0.0,0.0,0.0,0.0,0.0,,,,,,Garlic sauce,1.43,2.87,74.02,0.0,0.0,683.0
,,,,,,,,,,,0.0,0.0,0.0,0.0,0.0,142.0,,"Garlic, cooked",Mustard and other condiments,6.58,28.03,0.38,1.69,8.0,,,,,,0.0,,,,,0.0,0.0,0.0,0.0,0.0,0.0,0.0,,,,,,"Garlic, cooked",6.58,28.03,0.38,0.0,0.0,142.0
,,,,,,,,,,,0.0,0.0,0.0,0.0,0.0,143.0,,"Garlic, raw",Mustard and other condiments,6.62,28.2,0.38,1.7,10.0,,,,,,0.0,,,,,0.0,0.0,0.0,0.0,0.0,0.0,0.0,,,,,,"Garlic, raw",6.62,28.2,0.38,0.0,0.0,143.0
,,,,,,,,,,,0.0,0.0,0.0,0.0,0.0,309.0,,"Roll, garlic",Rolls and buns,10.84,51.92,6.44,3.71,0.2,,,,,,0.0,,,,,0.0,0.0,0.0,0.0,0.0,0.0,0.0,,,,,,"Roll, garlic",10.84,51.92,6.44,0.0,0.0,309.0
,,,,,,,,,,,0.0,0.0,0.0,0.0,0.0,1460.0,,"Garlic bread, frozen",Baked Products,8.36,41.7,16.6,3.05,0.2,,,,,,0.0,,,,,0.0,0.0,0.0,0.0,0.0,0.0,0.0,,,,,,"Garlic bread, frozen",8.36,41.7,16.6,0.0,0.0,1460.0
,,,,,,,,,,,0.0,0.0,0.0,0.0,0.0,349.0,,"Garlic bread, NFS",Yeast breads,8.34,41.64,16.58,3.04,0.2,,,,,,0.0,,,,,0.0,0.0,0.0,0.0,0.0,0.0,0.0,,,,,,"Garlic bread, NFS",8.34,41.64,16.58,0.0,0.0,349.0
,,,,,,,,,,,0.0,0.0,0.0,0.0,0.0,350.0,,"Garlic bread, from frozen",Yeast breads,8.36,41.72,16.61,3.05,0.2,,,,,,0.0,,,,,0.0,0.0,0.0,0.0,0.0,0.0,0.0,,,,,,"Garlic bread, from frozen",8.36,41.72,16.61,0.0,0.0,350.0
,,,,,,,,,,,0.0,0.0,0.0,0.0,0.0,1430.0,,"PIZZA HUT, breadstick, parmesan garlic",Fast Foods,12.2,44.5,12.9,4.65,0.0,,,,,,0.0,,,,,0.0,0.0,0.0,0.0,0.0,0.0,0.0,,,,,,"PIZZA HUT, breadstick, parmesan garlic",12.2,44.5,12.9,0.0,0.0,1430.0
,,,,,,,,,,,0.0,0.0,0.0,0.0,0.0,349.0,,"Garlic bread, from fast food / restaurant",Yeast breads,8.34,41.64,16.58,3.04,0.2,,,,,,0.0,,,,,0.0,0.0,0.0,0.0,0.0,0.0,0.0,,,,,,"Garlic bread, from fast food / restaurant",8.34,41.64,16.58,0.0,0.0,349.0
,,,,,,,,,,,0.0,0.0,0.0,0.0,0.0,343.0,,"Garlic bread, with melted cheese, from frozen",Yeast breads,10.36,36.86,17.1,2.68,0.2,,,,,,0.0,,,,,0.0,0.0,0.0,0.0,0.0,0.0,0.0,,,,,,"Garlic bread, with melted cheese, from frozen",10.36,36.86,17.1,0.0,0.0,343.0
,,,,,,,,,,,0.0,0.0,0.0,0.0,0.0,351.0,,"Garlic bread, with parmesan cheese, from frozen",Yeast breads,8.78,41.14,16.83,3.0,0.2,,,,,,0.0,,,,,0.0,0.0,0.0,0.0,0.0,0.0,0.0,,,,,,"Garlic bread, with parmesan cheese, from frozen",8.78,41.14,16.83,0.0,0.0,351.0
,,,,,,,,,,,0.0,0.0,0.0,0.0,0.0,281.0,,"Shrimp in garlic sauce, Puerto Rican style",Seafood mixed dishes,11.56,2.45,24.96,0.41,12.0,,,,,,0.0,,,,,0.0,0.0,0.0,0.0,0.0,0.0,0.0,,,,,,"Shrimp in garlic sauce, Puerto Rican style",11.56,2.45,24.96,0.0,0.0,281.0
,,,,,,,,,,,0.0,0.0,0.0,0.0,0.0,351.0,,"Garlic bread, with parmesan cheese, from fast food / restaurant",Yeast breads,8.76,41.06,16.8,2.99,0.2,,,,,,0.0,,,,,0.0,0.0,0.0,0.0,0.0,0.0,0.0,,,,,,"Garlic bread, with parmesan cheese, from fast food / restaurant",8.76,41.06,16.8,0.0,0.0,351.0
,,,,,,,,,,,0.0,0.0,0.0,0.0,0.0,339.0,,"Garlic bread, with melted cheese, from fast food / restaurant",Yeast breads,11.41,34.21,17.34,2.48,0.2,,,,,,0.0,,,,,0.0,0.0,0.0,0.0,0.0,0.0,0.0,,,,,,"Garlic bread, with melted cheese, from fast food / restaurant",11.41,34.21,17.34,0.0,0.0,339.0
,,,,,,,,,,,0.0,0.0,0.0,0.0,0.0,1430.0,,"Fast foods, breadstick, soft, prepared with garlic and parmesan cheese",Fast Foods,12.2,44.5,12.9,4.65,0.0,,,,,,0.0,,,,,0.0,0.0,0.0,0.0,0.0,0.0,0.0,,,,,,"Fast foods, breadstick, soft, prepared with garlic and parmesan cheese",12.2,44.5,12.9,0.0,0.0,1430.0
,,,,,,,,,,,0.0,0.0,0.0,0.0,0.0,492.0,,"HORMEL ALWAYS TENDER, Pork Loin Filets, Lemon Garlic-Flavored",Pork Products,17.8,1.79,4.16,0.6,1.7,,,,,,0.0,,,,,0.0,0.0,0.0,0.0,0.0,0.0,0.0,,,,,,"HORMEL ALWAYS TENDER, Pork Loin Filets, Lemon Garlic-Flavored",17.8,1.79,4.16,0.0,0.0,492.0
,,,,,,,,,,,0.0,0.0,0.0,0.0,0.0,290.0,,"Abiyuch, raw",Fruits and Fruit Juices,1.5,17.6,0.1,1.61,54.1,,,,,,0.0,,,,,0.0,0.0,0.0,0.0,0.0,0.0,0.0,,,,,,"Abiyuch, raw",1.5,17.6,0.1,0.0,0.0,290.0
,,,,,,,,,,,0.0,0.0,0.0,0.0,0.0,3,,,,,0.0,0.0,0.0,0.0,,,,,,0.3,Coffee,Brewed Coffee,Short,0.1,0.0,0.0,0.0,5.0,0.0,0.0,0.0,0%,0%,0%,0%,175,Brewed Coffee,0.3,5.0,0.1,0.0,0.0,3.0
,,,,,,,,,,,0.0,0.0,0.0,0.0,0.0,4,,,,,0.0,0.0,0.0,0.0,,,,,,0.5,Coffee,Brewed Coffee,Tall,0.1,0.0,0.0,0.0,10.0,0.0,0.0,0.0,0%,0%,0%,0%,260,Brewed Coffee,0.5,10.0,0.1,0.0,0.0,4.0
,,,,,,,,,,,0.0,0.0,0.0,0.0,0.0,5,,,,,0.0,0.0,0.0,0.0,,,,,,1.0,Coffee,Brewed Coffee,Grande,0.1,0.0,0.0,0.0,10.0,0.0,0.0,0.0,0%,0%,0%,0%,330,Brewed Coffee,1.0,10.0,0.1,0.0,0.0,5.0
,,,,,,,,,,,0.0,0.0,0.0,0.0,0.0,5,,,,,0.0,0.0,0.0,0.0,,,,,,1.0,Coffee,Brewed Coffee,Venti,0.1,0.0,0.0,0.0,10.0,0.0,0.0,0.0,0%,0%,2%,0%,410,Brewed Coffee,1.0,10.0,0.1,0.0,0.0,5.0
,,,,,,,,,,,0.0,0.0,0.0,0.0,0.0,70,,,,,0.0,0.0,0.0,0.0,,,,,,6.0,Classic Espresso Drinks,Caffè Latte,Short Nonfat Milk,0.1,0.1,0.0,5.0,75.0,10.0,0.0,9.0,10%,0%,20%,0%,75,Caffè Latte,6.0,75.0,0.1,0.0,9.0,70.0
,,,,,,,,,,,0.0,0.0,0.0,0.0,0.0,100,,,,,0.0,0.0,0.0,0.0,,,,,,6.0,Classic Espresso Drinks,Caffè Latte,2% Milk,3.5,2.0,0.1,15.0,85.0,10.0,0.0,9.0,10%,0%,20%,0%,75,Caffè Latte,6.0,85.0,3.5,0.0,9.0,100.0
,,,,,,,,,,,0.0,0.0,0.0,0.0,0.0,70,,,,,0.0,0.0,0.0,0.0,,,,,,5.0,Classic Espresso Drinks,Caffè Latte,Soymilk,2.5,0.4,0.0,0.0,65.0,6.0,1.0,4.0,6%,0%,20%,8%,75,Caffè Latte,5.0,65.0,2.5,1.0,4.0,70.0
,,,,,,,,,,,0.0,0.0,0.0,0.0,0.0,100,,,,,0.0,0.0,0.0,0.0,,,,,,10.0,Classic Espresso Drinks,Caffè Latte,Tall Nonfat Milk,0.2,0.2,0.0,5.0,120.0,15.0,0.0,14.0,15%,0%,30%,0%,75,Caffè Latte,10.0,120.0,0.2,0.0,14.0,100.0
,,,,,,,,,,,0.0,0.0,0.0,0.0,0.0,150,,,,,0.0,0.0,0.0,0.0,,,,,,10.0,Classic Espresso Drinks,Caffè Latte,2% Milk,6,3.0,0.2,25.0,135.0,15.0,0.0,14.0,15%,0%,30%,0%,75,Caffè Latte,10.0,135.0,6.0,0.0,14.0,150.0
,,,,,,,,,,,0.0,0.0,0.0,0.0,0.0,110,,,,,0.0,0.0,0.0,0.0,,,,,,8.0,Classic Espresso Drinks,Caffè Latte,Soymilk,4.5,0.5,0.0,0.0,105.0,10.0,1.0,6.0,10%,0%,30%,15%,75,Caffè Latte,8.0,105.0,4.5,1.0,6.0,110.0
,,,,,,,,,,,0.0,0.0,0.0,0.0,0.0,130,,,,,0.0,0.0,0.0,0.0,,,,,,13.0,Classic Espresso Drinks,Caffè Latte,Grande Nonfat Milk,0.3,0.2,0.0,5.0,150.0,19.0,0.0,18.0,20%,0%,40%,0%,150,Caffè Latte,13.0,150.0,0.3,0.0,18.0,130.0
,,,,,,,,,,,0.0,0.0,0.0,0.0,0.0,190,,,,,0.0,0.0,0.0,0.0,,,,,,12.0,Classic Espresso Drinks,Caffè Latte,2% Milk,7,3.5,0.2,30.0,170.0,19.0,0.0,17.0,20%,2%,40%,0%,150,Caffè Latte,12.0,170.0,7.0,0.0,17.0,190.0
,,,,,,,,,,,0.0,0.0,0.0,0.0,0.0,150,,,,,0.0,0.0,0.0,0.0,,,,,,10.0,Classic Espresso Drinks,Caffè Latte,Soymilk,5,0.5,0.0,0.0,130.0,13.0,1.0,8.0,15%,0%,40%,15%,150,Caffè Latte,10.0,130.0,5.0,1.0,8.0,150.0
,,,,,,,,,,,0.0,0.0,0.0,0.0,0.0,170,,,,,0.0,0.0,0.0,0.0,,,,,,16.0,Classic Espresso Drinks,Caffè Latte,Venti Nonfat Milk,0.4,0.3,0.0,10.0,190.0,25.0,0.0,23.0,30%,0%,50%,0%,150,Caffè Latte,16.0,190.0,0.4,0.0,23.0,170.0
,,,,,,,,,,,0.0,0.0,0.0,0.0,0.0,240,,,,,0.0,0.0,0.0,0.0,,,,,,16.0,Classic Espresso Drinks,Caffè Latte,2% Milk,9,4.5,0.3,35.0,220.0,24.0,0.0,22.0,25%,2%,50%,0%,150,Caffè Latte,16.0,220.0,9.0,0.0,22.0,240.0
,,,,,,,,,,,0.0,0.0,0.0,0.0,0.0,190,,,,,0.0,0.0,0.0,0.0,,,,,,13.0,Classic Espresso Drinks,Caffè Latte,Soymilk,7,1.0,0.0,0.0,170.0,16.0,2.0,11.0,20%,0%,50%,25%,150,Caffè Latte,13.0,170.0,7.0,2.0,11.0,190.0
,,,,,,,,,,,0.0,0.0,0.0,0.0,0.0,110,,,,,0.0,0.0,0.0,0.0,,,,,,7.0,Classic Espresso Drinks,Caffè Mocha (Without Whipped Cream),Short Nonfat Milk,1.5,1.0,0.0,5.0,60.0,21.0,1.0,17.0,8%,0%,15%,10%,85,Caffè Mocha (Without Whipped Cream),7.0,60.0,1.5,1.0,17.0,110.0
,,,,,,,,,,,0.0,0.0,0.0,0.0,0.0,130,,,,,0.0,0.0,0.0,0.0,,,,,,6.0,Classic Espresso Drinks,Caffè Mocha (Without Whipped Cream),2% Milk,4,2.0,0.1,10.0,70.0,21.0,1.0,17.0,8%,0%,15%,10%,85,Caffè Mocha (Without Whipped Cream),6.0,70.0,4.0,1.0,17.0,130.0
,,,,,,,,,,,0.0,0.0,0.0,0.0,0.0,110,,,,,0.0,0.0,0.0,0.0,,,,,,6.0,Classic Espresso Drinks,Caffè Mocha (Without Whipped Cream),Soymilk,3.5,1.0,0.0,0.0,55.0,19.0,2.0,13.0,6%,0%,15%,20%,85,Caffè Mocha (Without Whipped Cream),6.0,55.0,3.5,2.0,13.0,110.0
,,,,,,,,,,,0.0,0.0,0.0,0.0,0.0,170,,,,,0.0,0.0,0.0,0.0,,,,,,10.0,Classic Espresso Drinks,Caffè Mocha (Without Whipped Cream),Tall Nonfat Milk,2,1.0,0.0,5.0,100.0,32.0,1.0,27.0,15%,0%,25%,20%,95,Caffè Mocha (Without Whipped Cream),10.0,100.0,2.0,1.0,27.0,170.0
,,,,,,,,,,,0.0,0.0,0.0,0.0,0.0,200,,,,,0.0,0.0,0.0,0.0,,,,,,10.0,Classic Espresso Drinks,Caffè Mocha (Without Whipped Cream),2% Milk,6,3.5,0.1,20.0,115.0,32.0,1.0,26.0,15%,0%,25%,20%,95,Caffè Mocha (Without Whipped Cream),10.0,115.0,6.0,1.0,26.0,200.0
,,,,,,,,,,,0.0,0.0,0.0,0.0,0.0,180,,,,,0.0,0.0,0.0,0.0,,,,,,9.0,Classic Espresso Drinks,Caffè Mocha (Without Whipped Cream),Soymilk,5,1.5,0.0,0.0,85.0,28.0,2.0,20.0,10%,0%,25%,30%,95,Caffè Mocha (Without Whipped Cream),9.0,85.0,5.0,2.0,20.0,180.0
,,,,,,,,,,,0.0,0.0,0.0,0.0,0.0,220,,,,,0.0,0.0,0.0,0.0,,,,,,13.0,Classic Espresso Drinks,Caffè Mocha (Without Whipped Cream),Grande Nonfat Milk,2.5,1.5,0.0,5.0,125.0,43.0,2.0,34.0,20%,0%,35%,25%,175,Caffè Mocha (Without Whipped Cream),13.0,125.0,2.5,2.0,34.0,220.0
,,,,,,,,,,,0.0,0.0,0.0,0.0,0.0,260,,,,,0.0,0.0,0.0,0.0,,,,,,13.0,Classic Espresso Drinks,Caffè Mocha (Without Whipped Cream),2% Milk,8,4.5,0.2,25.0,140.0,42.0,2.0,34.0,15%,2%,35%,25%,175,Caffè Mocha (Without Whipped Cream),13.0,140.0,8.0,2.0,34.0,260.0
,,,,,,,,,,,0.0,0.0,0.0,0.0,0.0,230,,,,,0.0,0.0,0.0,0.0,,,,,,11.0,Classic Espresso Drinks,Caffè Mocha (Without Whipped Cream),Soymilk,7,2.0,0.0,0.0,105.0,37.0,3.0,26.0,10%,0%,35%,40%,175,Caffè Mocha (Without Whipped Cream),11.0,105.0,7.0,3.0,26.0,230.0
,,,,,,,,,,,0.0,0.0,0.0,0.0,0.0,280,,,,,0.0,0.0,0.0,0.0,,,,,,17.0,Classic Espresso Drinks,Caffè Mocha (Without Whipped Cream),Venti Nonfat Milk,3,2.0,0.0,10.0,160.0,54.0,2.0,44.0,25%,0%,45%,30%,180,Caffè Mocha (Without Whipped Cream),17.0,160.0,3.0,2.0,44.0,280.0
,,,,,,,,,,,0.0,0.0,0.0,0.0,0.0,340,,,,,0.0,0.0,0.0,0.0,,,,,,17.0,Classic Espresso Drinks,Caffè Mocha (Without Whipped Cream),2% Milk,11,6.0,0.2,30.0,180.0,53.0,2.0,43.0,20%,2%,45%,30%,180,Caffè Mocha (Without Whipped Cream),17.0,180.0,11.0,2.0,43.0,340.0
,,,,,,,,,,,0.0,0.0,0.0,0.0,0.0,290,,,,,0.0,0.0,0.0,0.0,,,,,,14.0,Classic Espresso Drinks,Caffè Mocha (Without Whipped Cream),Soymilk,9,2.5,0.0,0.0,140.0,47.0,4.0,33.0,15%,0%,45%,50%,180,Caffè Mocha (Without Whipped Cream),14.0,140.0,9.0,4.0,33.0,290.0
,,,,,,,,,,,0.0,0.0,0.0,0.0,0.0,100,,,,,0.0,0.0,0.0,0.0,,,,,,6.0,Classic Espresso Drinks,Vanilla Latte (Or Other Flavoured Latte),Short Nonfat Milk,0.1,0.1,0.0,5.0,70.0,19.0,0.0,18.0,10%,0%,20%,0%,75,Vanilla Latte (Or Other Flavoured Latte),6.0,70.0,0.1,0.0,18.0,100.0
,,,,,,,,,,,0.0,0.0,0.0,0.0,0.0,130,,,,,0.0,0.0,0.0,0.0,,,,,,6.0,Classic Espresso Drinks,Vanilla Latte (Or Other Flavoured Latte),2% Milk,3.5,1.5,0.1,15.0,80.0,18.0,0.0,17.0,10%,0%,20%,0%,75,Vanilla Latte (Or Other Flavoured Latte),6.0,80.0,3.5,0.0,17.0,130.0
,,,,,,,,,,,0.0,0.0,0.0,0.0,0.0,110,,,,,0.0,0.0,0.0,0.0,,,,,,5.0,Classic Espresso Drinks,Vanilla Latte (Or Other Flavoured Latte),Soymilk,2.5,0.3,0.0,0.0,60.0,16.0,1.0,13.0,6%,0%,20%,8%,75,Vanilla Latte (Or Other Flavoured Latte),5.0,60.0,2.5,1.0,13.0,110.0
,,,,,,,,,,,0.0,0.0,0.0,0.0,0.0,150,,,,,0.0,0.0,0.0,0.0,,,,,,9.0,Classic Espresso Drinks,Vanilla Latte (Or Other Flavoured Latte),Tall Nonfat Milk,0.2,0.1,0.0,5.0,110.0,28.0,0.0,27.0,15%,0%,30%,0%,75,Vanilla Latte (Or Other Flavoured Latte),9.0,110.0,0.2,0.0,27.0,150.0
,,,,,,,,,,,0.0,0.0,0.0,0.0,0.0,200,,,,,0.0,0.0,0.0,0.0,,,,,,9.0,Classic Espresso Drinks,Vanilla Latte (Or Other Flavoured Latte),2% Milk,5,2.5,0.2,20.0,125.0,28.0,0.0,27.0,15%,0%,30%,0%,75,Vanilla Latte (Or Other Flavoured Latte),9.0,125.0,5.0,0.0,27.0,200.0
,,,,,,,,,,,0.0,0.0,0.0,0.0,0.0,160,,,,,0.0,0.0,0.0,0.0,,,,,,7.0,Classic Espresso Drinks,Vanilla Latte (Or Other Flavoured Latte),Soymilk,4,0.5,0.0,0.0,95.0,23.0,1.0,20.0,10%,0%,30%,15%,75,Vanilla Latte (Or Other Flavoured Latte),7.0,95.0,4.0,1.0,20.0,160.0
,,,,,,,,,,,0.0,0.0,0.0,0.0,0.0,200,,,,,0.0,0.0,0.0,0.0,,,,,,12.0,Classic Espresso Drinks,Vanilla Latte (Or Other Flavoured Latte),Grande Nonfat Milk,0.3,0.2,0.0,5.0,140.0,37.0,0.0,35.0,20%,0%,35%,0%,150,Vanilla Latte (Or Other Flavoured Latte),12.0,140.0,0.3,0.0,35.0,200.0
,,,,,,,,,,,0.0,0.0,0.0,0.0,0.0,250,,,,,0.0,0.0,0.0,0.0,,,,,,12.0,Classic Espresso Drinks,Vanilla Latte (Or Other Flavoured Latte),2% Milk,6,3.5,0.2,25.0,150.0,37.0,0.0,35.0,20%,2%,35%,0%,150,Vanilla Latte (Or Other Flavoured Latte),12.0,150.0,6.0,0.0,35.0,250.0
,,,,,,,,,,,0.0,0.0,0.0,0.0,0.0,210,,,,,0.0,0.0,0.0,0.0,,,,,,9.0,Classic Espresso Drinks,Vanilla Latte (Or Other Flavoured Latte),Soymilk,5,0.5,0.0,0.0,120.0,31.0,1.0,26.0,10%,0%,35%,15%,150,Vanilla Latte (Or Other Flavoured Latte),9.0,120.0,5.0,1.0,26.0,210.0
,,,,,,,,,,,0.0,0.0,0.0,0.0,0.0,250,,,,,0.0,0.0,0.0,0.0,,,,,,15.0,Classic Espresso Drinks,Vanilla Latte (Or Other Flavoured Latte),Venti Nonfat Milk,0.3,0.2,0.0,10.0,180.0,47.0,0.0,45.0,25%,0%,50%,0%,150,Vanilla Latte (Or Other Flavoured Latte),15.0,180.0,0.3,0.0,45.0,250.0
,,,,,,,,,,,0.0,0.0,0.0,0.0,0.0,320,,,,,0.0,0.0,0.0,0.0,,,,,,15.0,Classic Espresso Drinks,Vanilla Latte (Or Other Flavoured Latte),2% Milk,9,4.5,0.3,35.0,200.0,46.0,0.0,44.0,25%,2%,45%,0%,150,Vanilla Latte (Or Other Flavoured Latte),15.0,200.0,9.0,0.0,44.0,320.0
,,,,,,,,,,,0.0,0.0,0.0,0.0,0.0,270,,,,,0.0,0.0,0.0,0.0,,,,,,12.0,Classic Espresso Drinks,Vanilla Latte (Or Other Flavoured Latte),Soymilk,7,1.0,0.0,0.0,160.0,39.0,2.0,33.0,15%,0%,45%,20%,150,Vanilla Latte (Or Other Flavoured Latte),12.0,160.0,7.0,2.0,33.0,270.0
,,,,,,,,,,,0.0,0.0,0.0,0.0,0.0,5,,,,,0.0,0.0,0.0,0.0,,,,,,0.4,Classic Espresso Drinks,Caffè Americano,Short,0,0.0,0.0,0.0,5.0,1.0,0.0,0.0,0%,0%,0%,0%,75,Caffè Americano,0.4,5.0,0.0,0.0,0.0,5.0
,,,,,,,,,,,0.0,0.0,0.0,0.0,0.0,10,,,,,0.0,0.0,0.0,0.0,,,,,,1.0,Classic Espresso Drinks,Caffè Americano,Tall,0,0.0,0.0,0.0,10.0,2.0,0.0,0.0,0%,0%,2%,0%,150,Caffè Americano,1.0,10.0,0.0,0.0,0.0,10.0
,,,,,,,,,,,0.0,0.0,0.0,0.0,0.0,15,,,,,0.0,0.0,0.0,0.0,,,,,,1.0,Classic Espresso Drinks,Caffè Americano,Grande,0,0.0,0.0,0.0,15.0,3.0,0.0,0.0,0%,0%,2%,0%,225,Caffè Americano,1.0,15.0,0.0,0.0,0.0,15.0
,,,,,,,,,,,0.0,0.0,0.0,0.0,0.0,25,,,,,0.0,0.0,0.0,0.0,,,,,,1.0,Classic Espresso Drinks,Caffè Americano,Venti,0,0.0,0.0,0.0,15.0,4.0,0.0,0.0,0%,0%,2%,0%,300,Caffè Americano,1.0,15.0,0.0,0.0,0.0,25.0
,,,,,,,,,,,0.0,0.0,0.0,0.0,0.0,50,,,,,0.0,0.0,0.0,0.0,,,,,,5.0,Classic Espresso Drinks,Cappuccino,Short Nonfat Milk,0.1,0.1,0.0,5.0,60.0,8.0,0.0,7.0,8%,0%,15%,0%,75,Cappuccino,5.0,60.0,0.1,0.0,7.0,50.0
,,,,,,,,,,,0.0,0.0,0.0,0.0,0.0,80,,,,,0.0,0.0,0.0,0.0,,,,,,5.0,Classic Espresso Drinks,Cappuccino,2% Milk,3,1.5,0.1,10.0,70.0,8.0,0.0,7.0,8%,0%,15%,0%,75,Cappuccino,5.0,70.0,3.0,0.0,7.0,80.0
,,,,,,,,,,,0.0,0.0,0.0,0.0,0.0,50,,,,,0.0,0.0,0.0,0.0,,,,,,3.0,Classic Espresso Drinks,Cappuccino,Soymilk,1.5,0.2,0.0,0.0,40.0,4.0,0.0,3.0,4%,0%,10%,6%,75,Cappuccino,3.0,40.0,1.5,0.0,3.0,50.0
,,,,,,,,,,,0.0,0.0,0.0,0.0,0.0,60,,,,,0.0,0.0,0.0,0.0,,,,,,6.0,Classic Espresso Drinks,Cappuccino,Tall Nonfat Milk,0.1,0.1,0.0,5.0,70.0,9.0,0.0,8.0,10%,0%,20%,0%,75,Cappuccino,6.0,70.0,0.1,0.0,8.0,60.0
,,,,,,,,,,,0.0,0.0,0.0,0.0,0.0,90,,,,,0.0,0.0,0.0,0.0,,,,,,6.0,Classic Espresso Drinks,Cappuccino,2% Milk,3.5,1.5,0.1,15.0,80.0,9.0,0.0,8.0,10%,0%,20%,0%,75,Cappuccino,6.0,80.0,3.5,0.0,8.0,90.0
,,,,,,,,,,,0.0,0.0,0.0,0.0,0.0,70,,,,,0.0,0.0,0.0,0.0,,,,,,5.0,Classic Espresso Drinks,Cappuccino,Soymilk,3,0.4,0.0,0.0,65.0,7.0,1.0,4.0,6%,0%,20%,8%,75,Cappuccino,5.0,65.0,3.0,1.0,4.0,70.0
,,,,,,,,,,,0.0,0.0,0.0,0.0,0.0,80,,,,,0.0,0.0,0.0,0.0,,,,,,8.0,Classic Espresso Drinks,Cappuccino,Grande Nonfat Milk,0.2,0.1,0.0,5.0,90.0,12.0,0.0,10.0,15%,0%,25%,0%,150,Cappuccino,8.0,90.0,0.2,0.0,10.0,80.0
,,,,,,,,,,,0.0,0.0,0.0,0.0,0.0,120,,,,,0.0,0.0,0.0,0.0,,,,,,8.0,Classic Espresso Drinks,Cappuccino,2% Milk,4,2.0,0.1,15.0,100.0,12.0,0.0,10.0,10%,0%,25%,0%,150,Cappuccino,8.0,100.0,4.0,0.0,10.0,120.0
,,,,,,,,,,,0.0,0.0,0.0,0.0,0.0,100,,,,,0.0,0.0,0.0,0.0,,,,,,7.0,Classic Espresso Drinks,Cappuccino,Soymilk,3.5,0.4,0.0,0.0,80.0,9.0,1.0,5.0,8%,0%,25%,10%,150,Cappuccino,7.0,80.0,3.5,1.0,5.0,100.0
,,,,,,,,,,,0.0,0.0,0.0,0.0,0.0,110,,,,,0.0,0.0,0.0,0.0,,,,,,10.0,Classic Espresso Drinks,Cappuccino,Venti Nonfat Milk,0.2,0.2,0.0,5.0,120.0,16.0,0.0,14.0,20%,0%,30%,0%,150,Cappuccino,10.0,120.0,0.2,0.0,14.0,110.0
,,,,,,,,,,,0.0,0.0,0.0,0.0,0.0,150,,,,,0.0,0.0,0.0,0.0,,,,,,10.0,Classic Espresso Drinks,Cappuccino,2% Milk,6,3.0,0.2,25.0,135.0,16.0,0.0,14.0,15%,0%,30%,0%,150,Cappuccino,10.0,135.0,6.0,0.0,14.0,150.0
,,,,,,,,,,,0.0,0.0,0.0,0.0,0.0,120,,,,,0.0,0.0,0.0,0.0,,,,,,9.0,Classic Espresso Drinks,Cappuccino,Soymilk,4.5,0.5,0.0,0.0,110.0,11.0,1.0,7.0,10%,0%,35%,15%,150,Cappuccino,9.0,110.0,4.5,1.0,7.0,120.0
,,,,,,,,,,,0.0,0.0,0.0,0.0,0.0,5,,,,,0.0,0.0,0.0,0.0,,,,,,0.4,Classic Espresso Drinks,Espresso,Solo,0,0.0,0.0,0.0,0.0,1.0,0.0,0.0,0%,0%,0%,0%,75,Espresso,0.4,0.0,0.0,0.0,0.0,5.0
,,,,,,,,,,,0.0,0.0,0.0,0.0,0.0,10,,,,,0.0,0.0,0.0,0.0,,,,,,1.0,Classic Espresso Drinks,Espresso,Doppio,0,0.0,0.0,0.0,1.0,2.0,0.0,0.0,0%,0%,0%,0%,150,Espresso,1.0,1.0,0.0,0.0,0.0,10.0
,,,,,,,,,,,0.0,0.0,0.0,0.0,0.0,60,,,,,0.0,0.0,0.0,0.0,,,,,,6.0,Classic Espresso Drinks,Skinny Latte (Any Flavour),Short Nonfat Milk,0.1,0.1,0.0,5.0,80.0,9.0,0.0,8.0,10%,0%,20%,0%,75,Skinny Latte (Any Flavour),6.0,80.0,0.1,0.0,8.0,60.0
,,,,,,,,,,,0.0,0.0,0.0,0.0,0.0,100,,,,,0.0,0.0,0.0,0.0,,,,,,9.0,Classic Espresso Drinks,Skinny Latte (Any Flavour),Tall Nonfat Milk,0.2,0.1,0.0,5.0,125.0,14.0,0.0,13.0,15%,0%,30%,0%,75,Skinny Latte (Any Flavour),9.0,125.0,0.2,0.0,13.0,100.0
,,,,,,,,,,,0.0,0.0,0.0,0.0,0.0,120,,,,,0.0,0.0,0.0,0.0,,,,,,12.0,Classic Espresso Drinks,Skinny Latte (Any Flavour),Grande Nonfat Milk,0.3,0.2,0.0,5.0,160.0,18.0,0.0,16.0,20%,0%,35%,0%,150,Skinny Latte (Any Flavour),12.0,160.0,0.3,0.0,16.0,120.0
,,,,,,,,,,,0.0,0.0,0.0,0.0,0.0,160,,,,,0.0,0.0,0.0,0.0,,,,,,15.0,Classic Espresso Drinks,Skinny Latte (Any Flavour),Venti Nonfat Milk,0.3,0.2,0.0,10.0,200.0,24.0,0.0,21.0,25%,0%,50%,0%,150,Skinny Latte (Any Flavour),15.0,200.0,0.3,0.0,21.0,160.0
,,,,,,,,,,,0.0,0.0,0.0,0.0,0.0,100,,,,,0.0,0.0,0.0,0.0,,,,,,6.0,Signature Espresso Drinks,Caramel Macchiato,Short Nonfat Milk,1,0.5,0.0,5.0,70.0,17.0,0.0,15.0,10%,0%,15%,0%,75,Caramel Macchiato,6.0,70.0,1.0,0.0,15.0,100.0
,,,,,,,,,,,0.0,0.0,0.0,0.0,0.0,120,,,,,0.0,0.0,0.0,0.0,,,,,,5.0,Signature Espresso Drinks,Caramel Macchiato,2% Milk,4,2.0,0.1,15.0,80.0,16.0,0.0,15.0,10%,0%,15%,0%,75,Caramel Macchiato,5.0,80.0,4.0,0.0,15.0,120.0
,,,,,,,,,,,0.0,0.0,0.0,0.0,0.0,100,,,,,0.0,0.0,0.0,0.0,,,,,,4.0,Signature Espresso Drinks,Caramel Macchiato,Soymilk,3,1.0,0.0,0.0,60.0,14.0,1.0,11.0,6%,0%,15%,8%,75,Caramel Macchiato,4.0,60.0,3.0,1.0,11.0,100.0
,,,,,,,,,,,0.0,0.0,0.0,0.0,0.0,140,,,,,0.0,0.0,0.0,0.0,,,,,,8.0,Signature Espresso Drinks,Caramel Macchiato,Tall Nonfat Milk,1,0.5,0.0,5.0,105.0,25.0,0.0,24.0,15%,0%,25%,0%,75,Caramel Macchiato,8.0,105.0,1.0,0.0,24.0,140.0
,,,,,,,,,,,0.0,0.0,0.0,0.0,0.0,180,,,,,0.0,0.0,0.0,0.0,,,,,,8.0,Signature Espresso Drinks,Caramel Macchiato,2% Milk,5,3.0,0.1,20.0,115.0,25.0,0.0,23.0,15%,0%,25%,0%,75,Caramel Macchiato,8.0,115.0,5.0,0.0,23.0,180.0
,,,,,,,,,,,0.0,0.0,0.0,0.0,0.0,150,,,,,0.0,0.0,0.0,0.0,,,,,,7.0,Signature Espresso Drinks,Caramel Macchiato,Soymilk,4.5,1.0,0.0,0.0,90.0,21.0,1.0,17.0,10%,0%,25%,10%,75,Caramel Macchiato,7.0,90.0,4.5,1.0,17.0,150.0
,,,,,,,,,,,0.0,0.0,0.0,0.0,0.0,190,,,,,0.0,0.0,0.0,0.0,,,,,,11.0,Signature Espresso Drinks,Caramel Macchiato,Grande Nonfat Milk,1,1.0,0.0,10.0,130.0,35.0,0.0,32.0,20%,0%,35%,0%,150,Caramel Macchiato,11.0,130.0,1.0,0.0,32.0,190.0
,,,,,,,,,,,0.0,0.0,0.0,0.0,0.0,240,,,,,0.0,0.0,0.0,0.0,,,,,,10.0,Signature Espresso Drinks,Caramel Macchiato,2% Milk,7,3.5,0.2,25.0,150.0,34.0,0.0,32.0,15%,2%,30%,0%,150,Caramel Macchiato,10.0,150.0,7.0,0.0,32.0,240.0
,,,,,,,,,,,0.0,0.0,0.0,0.0,0.0,200,,,,,0.0,0.0,0.0,0.0,,,,,,9.0,Signature Espresso Drinks,Caramel Macchiato,Soymilk,5,1.0,0.0,5.0,115.0,29.0,1.0,24.0,10%,0%,35%,15%,150,Caramel Macchiato,9.0,115.0,5.0,1.0,24.0,200.0
,,,,,,,,,,,0.0,0.0,0.0,0.0,0.0,240,,,,,0.0,0.0,0.0,0.0,,,,,,13.0,Signature Espresso Drinks,Caramel Macchiato,Venti Nonfat Milk,1,1.0,0.0,10.0,170.0,43.0,0.0,41.0,25%,0%,40%,0%,150,Caramel Macchiato,13.0,170.0,1.0,0.0,41.0,240.0
,,,,,,,,,,,0.0,0.0,0.0,0.0,0.0,300,,,,,0.0,0.0,0.0,0.0,,,,,,13.0,Signature Espresso Drinks,Caramel Macchiato,2% Milk,8,4.5,0.2,35.0,180.0,43.0,0.0,40.0,20%,2%,40%,0%,150,Caramel Macchiato,13.0,180.0,8.0,0.0,40.0,300.0
,,,,,,,,,,,0.0,0.0,0.0,0.0,0.0,250,,,,,0.0,0.0,0.0,0.0,,,,,,11.0,Signature Espresso Drinks,Caramel Macchiato,Soymilk,7,1.5,0.0,5.0,140.0,36.0,1.0,31.0,15%,0%,40%,20%,150,Caramel Macchiato,11.0,140.0,7.0,1.0,31.0,250.0
,,,,,,,,,,,0.0,0.0,0.0,0.0,0.0,180,,,,,0.0,0.0,0.0,0.0,,,,,,7.0,Signature Espresso Drinks,White Chocolate Mocha (Without Whipped Cream),Short Nonfat Milk,3,2.0,0.0,5.0,120.0,31.0,0.0,29.0,10%,0%,25%,0%,75,White Chocolate Mocha (Without Whipped Cream),7.0,120.0,3.0,0.0,29.0,180.0
,,,,,,,,,,,0.0,0.0,0.0,0.0,0.0,200,,,,,0.0,0.0,0.0,0.0,,,,,,7.0,Signature Espresso Drinks,White Chocolate Mocha (Without Whipped Cream),2% Milk,6,3.5,0.1,15.0,125.0,31.0,0.0,29.0,8%,2%,25%,0%,75,White Chocolate Mocha (Without Whipped Cream),7.0,125.0,6.0,0.0,29.0,200.0
,,,,,,,,,,,0.0,0.0,0.0,0.0,0.0,180,,,,,0.0,0.0,0.0,0.0,,,,,,6.0,Signature Espresso Drinks,White Chocolate Mocha (Without Whipped Cream),Soymilk,5,2.5,0.0,0.0,110.0,28.0,1.0,25.0,6%,0%,25%,8%,75,White Chocolate Mocha (Without Whipped Cream),6.0,110.0,5.0,1.0,25.0,180.0
,,,,,,,,,,,0.0,0.0,0.0,0.0,0.0,270,,,,,0.0,0.0,0.0,0.0,,,,,,12.0,Signature Espresso Drinks,White Chocolate Mocha (Without Whipped Cream),Tall Nonfat Milk,4.5,3.5,0.0,5.0,190.0,47.0,0.0,45.0,15%,2%,35%,0%,75,White Chocolate Mocha (Without Whipped Cream),12.0,190.0,4.5,0.0,45.0,270.0
,,,,,,,,,,,0.0,0.0,0.0,0.0,0.0,310,,,,,0.0,0.0,0.0,0.0,,,,,,11.0,Signature Espresso Drinks,White Chocolate Mocha (Without Whipped Cream),2% Milk,9,6.0,0.1,20.0,200.0,46.0,0.0,44.0,15%,2%,35%,0%,75,White Chocolate Mocha (Without Whipped Cream),11.0,200.0,9.0,0.0,44.0,310.0
,,,,,,,,,,,0.0,0.0,0.0,0.0,0.0,280,,,,,0.0,0.0,0.0,0.0,,,,,,10.0,Signature Espresso Drinks,White Chocolate Mocha (Without Whipped Cream),Soymilk,8,3.5,0.0,0.0,170.0,42.0,1.0,39.0,10%,2%,35%,10%,75,White Chocolate Mocha (Without Whipped Cream),10.0,170.0,8.0,1.0,39.0,280.0
,,,,,,,,,,,0.0,0.0,0.0,0.0,0.0,350,,,,,0.0,0.0,0.0,0.0,,,,,,15.0,Signature Espresso Drinks,White Chocolate Mocha (Without Whipped Cream),Grande Nonfat Milk,6,4.5,0.0,10.0,240.0,61.0,0.0,58.0,20%,2%,45%,2%,150,White Chocolate Mocha (Without Whipped Cream),15.0,240.0,6.0,0.0,58.0,350.0
,,,,,,,,,,,0.0,0.0,0.0,0.0,0.0,400,,,,,0.0,0.0,0.0,0.0,,,,,,15.0,Signature Espresso Drinks,White Chocolate Mocha (Without Whipped Cream),2% Milk,11,7.0,0.2,25.0,250.0,61.0,0.0,58.0,15%,2%,45%,0%,150,White Chocolate Mocha (Without Whipped Cream),15.0,250.0,11.0,0.0,58.0,400.0
,,,,,,,,,,,0.0,0.0,0.0,0.0,0.0,370,,,,,0.0,0.0,0.0,0.0,,,,,,13.0,Signature Espresso Drinks,White Chocolate Mocha (Without Whipped Cream),Soymilk,10,5.0,0.0,0.0,220.0,56.0,1.0,51.0,10%,2%,45%,15%,150,White Chocolate Mocha (Without Whipped Cream),13.0,220.0,10.0,1.0,51.0,370.0
,,,,,,,,,,,0.0,0.0,0.0,0.0,0.0,450,,,,,0.0,0.0,0.0,0.0,,,,,,19.0,Signature Espresso Drinks,White Chocolate Mocha (Without Whipped Cream),Venti Nonfat Milk,7,6.0,0.0,10.0,310.0,78.0,0.0,74.0,25%,2%,60%,2%,150,White Chocolate Mocha (Without Whipped Cream),19.0,310.0,7.0,0.0,74.0,450.0
,,,,,,,,,,,0.0,0.0,0.0,0.0,0.0,510,,,,,0.0,0.0,0.0,0.0,,,,,,19.0,Signature Espresso Drinks,White Chocolate Mocha (Without Whipped Cream),2% Milk,15,9.0,0.2,35.0,330.0,77.0,0.0,74.0,20%,4%,60%,2%,150,White Chocolate Mocha (Without Whipped Cream),19.0,330.0,15.0,0.0,74.0,510.0
,,,,,,,,,,,0.0,0.0,0.0,0.0,0.0,460,,,,,0.0,0.0,0.0,0.0,,,,,,16.0,Signature Espresso Drinks,White Chocolate Mocha (Without Whipped Cream),Soymilk,13,6.0,0.0,5.0,290.0,70.0,1.0,64.0,15%,2%,60%,20%,150,White Chocolate Mocha (Without Whipped Cream),16.0,290.0,13.0,1.0,64.0,460.0
,,,,,,,,,,,0.0,0.0,0.0,0.0,0.0,130,,,,,0.0,0.0,0.0,0.0,,,,,,7.0,Signature Espresso Drinks,Hot Chocolate (Without Whipped Cream),Short Nonfat Milk,1.5,1.0,0.0,5.0,70.0,26.0,1.0,23.0,10%,0%,20%,10%,10,Hot Chocolate (Without Whipped Cream),7.0,70.0,1.5,1.0,23.0,130.0
,,,,,,,,,,,0.0,0.0,0.0,0.0,0.0,150,,,,,0.0,0.0,0.0,0.0,,,,,,7.0,Signature Espresso Drinks,Hot Chocolate (Without Whipped Cream),2% Milk,4.5,2.5,0.1,15.0,80.0,26.0,1.0,22.0,10%,0%,20%,10%,10,Hot Chocolate (Without Whipped Cream),7.0,80.0,4.5,1.0,22.0,150.0
,,,,,,,,,,,0.0,0.0,0.0,0.0,0.0,130,,,,,0.0,0.0,0.0,0.0,,,,,,6.0,Signature Espresso Drinks,Hot Chocolate (Without Whipped Cream),Soymilk,3.5,1.0,0.0,0.0,60.0,23.0,2.0,18.0,6%,0%,20%,20%,10,Hot Chocolate (Without Whipped Cream),6.0,60.0,3.5,2.0,18.0,130.0
,,,,,,,,,,,0.0,0.0,0.0,0.0,0.0,190,,,,,0.0,0.0,0.0,0.0,,,,,,11.0,Signature Espresso Drinks,Hot Chocolate (Without Whipped Cream),Tall Nonfat Milk,2,1.0,0.0,5.0,110.0,37.0,1.0,32.0,15%,0%,30%,20%,20,Hot Chocolate (Without Whipped Cream),11.0,110.0,2.0,1.0,32.0,190.0
,,,,,,,,,,,0.0,0.0,0.0,0.0,0.0,230,,,,,0.0,0.0,0.0,0.0,,,,,,10.0,Signature Espresso Drinks,Hot Chocolate (Without Whipped Cream),2% Milk,7,3.5,0.2,20.0,120.0,37.0,1.0,32.0,15%,0%,30%,20%,20,Hot Chocolate (Without Whipped Cream),10.0,120.0,7.0,1.0,32.0,230.0
,,,,,,,,,,,0.0,0.0,0.0,0.0,0.0,200,,,,,0.0,0.0,0.0,0.0,,,,,,9.0,Signature Espresso Drinks,Hot Chocolate (Without Whipped Cream),Soymilk,6,1.5,0.0,0.0,95.0,32.0,2.0,25.0,10%,0%,30%,30%,20,Hot Chocolate (Without Whipped Cream),9.0,95.0,6.0,2.0,25.0,200.0
,,,,,,,,,,,0.0,0.0,0.0,0.0,0.0,240,,,,,0.0,0.0,0.0,0.0,,,,,,14.0,Signature Espresso Drinks,Hot Chocolate (Without Whipped Cream),Grande Nonfat Milk,2.5,1.5,0.0,5.0,140.0,48.0,2.0,41.0,20%,0%,40%,25%,25,Hot Chocolate (Without Whipped Cream),14.0,140.0,2.5,2.0,41.0,240.0
,,,,,,,,,,,0.0,0.0,0.0,0.0,0.0,290,,,,,0.0,0.0,0.0,0.0,,,,,,14.0,Signature Espresso Drinks,Hot Chocolate (Without Whipped Cream),2% Milk,9,5.0,0.2,25.0,160.0,47.0,2.0,41.0,20%,2%,40%,25%,25,Hot Chocolate (Without Whipped Cream),14.0,160.0,9.0,2.0,41.0,290.0
,,,,,,,,,,,0.0,0.0,0.0,0.0,0.0,250,,,,,0.0,0.0,0.0,0.0,,,,,,12.0,Signature Espresso Drinks,Hot Chocolate (Without Whipped Cream),Soymilk,7,2.0,0.0,0.0,125.0,41.0,3.0,32.0,15%,0%,40%,40%,25,Hot Chocolate (Without Whipped Cream),12.0,125.0,7.0,3.0,32.0,250.0
,,,,,,,,,,,0.0,0.0,0.0,0.0,0.0,320,,,,,0.0,0.0,0.0,0.0,,,,,,18.0,Signature Espresso Drinks,Hot Chocolate (Without Whipped Cream),Venti Nonfat Milk,3,2.0,0.0,10.0,180.0,63.0,2.0,55.0,25%,0%,50%,30%,30,Hot Chocolate (Without Whipped Cream),18.0,180.0,3.0,2.0,55.0,320.0
,,,,,,,,,,,0.0,0.0,0.0,0.0,0.0,380,,,,,0.0,0.0,0.0,0.0,,,,,,17.0,Signature Espresso Drinks,Hot Chocolate (Without Whipped Cream),2% Milk,11,6.0,0.3,35.0,200.0,63.0,2.0,54.0,25%,2%,50%,30%,30,Hot Chocolate (Without Whipped Cream),17.0,200.0,11.0,2.0,54.0,380.0
,,,,,,,,,,,0.0,0.0,0.0,0.0,0.0,330,,,,,0.0,0.0,0.0,0.0,,,,,,15.0,Signature Espresso Drinks,Hot Chocolate (Without Whipped Cream),Soymilk,9,2.5,0.0,0.0,160.0,55.0,4.0,44.0,15%,0%,50%,50%,30,Hot Chocolate (Without Whipped Cream),15.0,160.0,9.0,4.0,44.0,330.0
,,,,,,,,,,,0.0,0.0,0.0,0.0,0.0,140,,,,,0.0,0.0,0.0,0.0,,,,,,0.0,Signature Espresso Drinks,Caramel Apple Spice (Without Whipped Cream),Short,0,0.0,0.0,0.0,10.0,35.0,0.0,33.0,0%,0%,0%,0%,0,Caramel Apple Spice (Without Whipped Cream),0.0,10.0,0.0,0.0,33.0,140.0
,,,,,,,,,,,0.0,0.0,0.0,0.0,0.0,210,,,,,0.0,0.0,0.0,0.0,,,,,,0.0,Signature Espresso Drinks,Caramel Apple Spice (Without Whipped Cream),Tall,0,0.0,0.0,0.0,15.0,53.0,0.0,49.0,0%,0%,0%,0%,0,Caramel Apple Spice (Without Whipped Cream),0.0,15.0,0.0,0.0,49.0,210.0
,,,,,,,,,,,0.0,0.0,0.0,0.0,0.0,280,,,,,0.0,0.0,0.0,0.0,,,,,,0.0,Signature Espresso Drinks,Caramel Apple Spice (Without Whipped Cream),Grande,0,0.0,0.0,0.0,20.0,70.0,0.0,65.0,0%,0%,0%,0%,0,Caramel Apple Spice (Without Whipped Cream),0.0,20.0,0.0,0.0,65.0,280.0
,,,,,,,,,,,0.0,0.0,0.0,0.0,0.0,360,,,,,0.0,0.0,0.0,0.0,,,,,,0.0,Signature Espresso Drinks,Caramel Apple Spice (Without Whipped Cream),Venti,0,0.0,0.0,0.0,25.0,89.0,0.0,83.0,0%,0%,0%,0%,0,Caramel Apple Spice (Without Whipped Cream),0.0,25.0,0.0,0.0,83.0,360.0
,,,,,,,,,,,0.0,0.0,0.0,0.0,0.0,0,,,,,0.0,0.0,0.0,0.0,,,,,,0.0,Tazo® Tea Drinks,Tazo® Tea,Short,0,0.0,0.0,0.0,0.0,0.0,0.0,0.0,0%,0%,0%,0%,Varies,Tazo® Tea,0.0,0.0,0.0,0.0,0.0,0.0
,,,,,,,,,,,0.0,0.0,0.0,0.0,0.0,0,,,,,0.0,0.0,0.0,0.0,,,,,,0.0,Tazo® Tea Drinks,Tazo® Tea,Tall,0,0.0,0.0,0.0,0.0,0.0,0.0,0.0,0%,0%,0%,0%,Varies,Tazo® Tea,0.0,0.0,0.0,0.0,0.0,0.0
,,,,,,,,,,,0.0,0.0,0.0,0.0,0.0,0,,,,,0.0,0.0,0.0,0.0,,,,,,0.0,Tazo® Tea Drinks,Tazo® Tea,Grande,0,0.0,0.0,0.0,0.0,0.0,0.0,0.0,0%,0%,0%,0%,Varies,Tazo® Tea,0.0,0.0,0.0,0.0,0.0,0.0
,,,,,,,,,,,0.0,0.0,0.0,0.0,0.0,0,,,,,0.0,0.0,0.0,0.0,,,,,,0.0,Tazo® Tea Drinks,Tazo® Tea,Venti,0,0.0,0.0,0.0,0.0,0.0,0.0,0.0,0%,0%,0%,0%,Varies,Tazo® Tea,0.0,0.0,0.0,0.0,0.0,0.0
,,,,,,,,,,,0.0,0.0,0.0,0.0,0.0,100,,,,,0.0,0.0,0.0,0.0,,,,,,4.0,Tazo® Tea Drinks,Tazo® Chai Tea Latte,Short Nonfat Milk,0.1,0.1,0.0,0.0,50.0,22.0,0.0,21.0,6%,0%,10%,0%,50,Tazo® Chai Tea Latte,4.0,50.0,0.1,0.0,21.0,100.0
,,,,,,,,,,,0.0,0.0,0.0,0.0,0.0,120,,,,,0.0,0.0,0.0,0.0,,,,,,4.0,Tazo® Tea Drinks,Tazo® Chai Tea Latte,2% Milk,2,1.0,0.1,10.0,55.0,22.0,0.0,21.0,6%,0%,10%,0%,50,Tazo® Chai Tea Latte,4.0,55.0,2.0,0.0,21.0,120.0
,,,,,,,,,,,0.0,0.0,0.0,0.0,0.0,110,,,,,0.0,0.0,0.0,0.0,,,,,,3.0,Tazo® Tea Drinks,Tazo® Chai Tea Latte,Soymilk,1.5,0.2,0.0,0.0,45.0,20.0,0.0,18.0,4%,0%,10%,6%,50,Tazo® Chai Tea Latte,3.0,45.0,1.5,0.0,18.0,110.0
,,,,,,,,,,,0.0,0.0,0.0,0.0,0.0,160,,,,,0.0,0.0,0.0,0.0,,,,,,6.0,Tazo® Tea Drinks,Tazo® Chai Tea Latte,Tall Nonfat Milk,0.2,0.1,0.0,5.0,80.0,34.0,0.0,32.0,10%,0%,20%,2%,70,Tazo® Chai Tea Latte,6.0,80.0,0.2,0.0,32.0,160.0
,,,,,,,,,,,0.0,0.0,0.0,0.0,0.0,190,,,,,0.0,0.0,0.0,0.0,,,,,,6.0,Tazo® Tea Drinks,Tazo® Chai Tea Latte,2% Milk,3.5,1.5,0.1,15.0,90.0,34.0,0.0,32.0,10%,0%,20%,2%,70,Tazo® Chai Tea Latte,6.0,90.0,3.5,0.0,32.0,190.0
,,,,,,,,,,,0.0,0.0,0.0,0.0,0.0,160,,,,,0.0,0.0,0.0,0.0,,,,,,5.0,Tazo® Tea Drinks,Tazo® Chai Tea Latte,Soymilk,2.5,0.3,0.0,0.0,70.0,31.0,1.0,28.0,6%,0%,20%,10%,70,Tazo® Chai Tea Latte,5.0,70.0,2.5,1.0,28.0,160.0
,,,,,,,,,,,0.0,0.0,0.0,0.0,0.0,210,,,,,0.0,0.0,0.0,0.0,,,,,,8.0,Tazo® Tea Drinks,Tazo® Chai Tea Latte,Grande Nonfat Milk,0.2,0.1,0.0,5.0,105.0,45.0,0.0,43.0,15%,0%,25%,2%,95,Tazo® Chai Tea Latte,8.0,105.0,0.2,0.0,43.0,210.0
,,,,,,,,,,,0.0,0.0,0.0,0.0,0.0,240,,,,,0.0,0.0,0.0,0.0,,,,,,8.0,Tazo® Tea Drinks,Tazo® Chai Tea Latte,2% Milk,4.5,2.0,0.1,20.0,115.0,45.0,0.0,42.0,10%,0%,25%,2%,95,Tazo® Chai Tea Latte,8.0,115.0,4.5,0.0,42.0,240.0
,,,,,,,,,,,0.0,0.0,0.0,0.0,0.0,220,,,,,0.0,0.0,0.0,0.0,,,,,,6.0,Tazo® Tea Drinks,Tazo® Chai Tea Latte,Soymilk,3.5,0.4,0.0,0.0,90.0,41.0,1.0,37.0,8%,0%,25%,10%,95,Tazo® Chai Tea Latte,6.0,90.0,3.5,1.0,37.0,220.0
,,,,,,,,,,,0.0,0.0,0.0,0.0,0.0,260,,,,,0.0,0.0,0.0,0.0,,,,,,10.0,Tazo® Tea Drinks,Tazo® Chai Tea Latte,Venti Nonfat Milk,0.3,0.2,0.0,5.0,135.0,57.0,0.0,54.0,15%,0%,35%,2%,120,Tazo® Chai Tea Latte,10.0,135.0,0.3,0.0,54.0,260.0
,,,,,,,,,,,0.0,0.0,0.0,0.0,0.0,310,,,,,0.0,0.0,0.0,0.0,,,,,,10.0,Tazo® Tea Drinks,Tazo® Chai Tea Latte,2% Milk,6,3.0,0.2,25.0,150.0,56.0,0.0,53.0,15%,2%,30%,2%,120,Tazo® Chai Tea Latte,10.0,150.0,6.0,0.0,53.0,310.0
,,,,,,,,,,,0.0,0.0,0.0,0.0,0.0,280,,,,,0.0,0.0,0.0,0.0,,,,,,8.0,Tazo® Tea Drinks,Tazo® Chai Tea Latte,Soymilk,4.5,0.5,0.0,0.0,115.0,51.0,1.0,46.0,10%,0%,30%,15%,120,Tazo® Chai Tea Latte,8.0,115.0,4.5,1.0,46.0,280.0
,,,,,,,,,,,0.0,0.0,0.0,0.0,0.0,130,,,,,0.0,0.0,0.0,0.0,,,,,,7.0,Tazo® Tea Drinks,Tazo® Green Tea Latte,Short Nonfat Milk,0.2,0.1,0.0,5.0,85.0,26.0,0.0,25.0,10%,4%,20%,2%,25,Tazo® Green Tea Latte,7.0,85.0,0.2,0.0,25.0,130.0
,,,,,,,,,,,0.0,0.0,0.0,0.0,0.0,170,,,,,0.0,0.0,0.0,0.0,,,,,,7.0,Tazo® Tea Drinks,Tazo® Green Tea Latte,2% Milk,4,2.0,0.1,15.0,95.0,26.0,0.0,25.0,10%,6%,20%,2%,25,Tazo® Green Tea Latte,7.0,95.0,4.0,0.0,25.0,170.0
,,,,,,,,,,,0.0,0.0,0.0,0.0,0.0,140,,,,,0.0,0.0,0.0,0.0,,,,,,6.0,Tazo® Tea Drinks,Tazo® Green Tea Latte,Soymilk,3,0.4,0.0,0.0,70.0,22.0,1.0,20.0,8%,4%,20%,10%,25,Tazo® Green Tea Latte,6.0,70.0,3.0,1.0,20.0,140.0
,,,,,,,,,,,0.0,0.0,0.0,0.0,0.0,210,,,,,0.0,0.0,0.0,0.0,,,,,,11.0,Tazo® Tea Drinks,Tazo® Green Tea Latte,Tall Nonfat Milk,0.4,0.2,0.0,5.0,125.0,42.0,1.0,41.0,20%,10%,35%,4%,55,Tazo® Green Tea Latte,11.0,125.0,0.4,1.0,41.0,210.0
,,,,,,,,,,,0.0,0.0,0.0,0.0,0.0,260,,,,,0.0,0.0,0.0,0.0,,,,,,10.0,Tazo® Tea Drinks,Tazo® Green Tea Latte,2% Milk,6,3.0,0.2,25.0,140.0,41.0,1.0,40.0,15%,10%,35%,4%,55,Tazo® Green Tea Latte,10.0,140.0,6.0,1.0,40.0,260.0
,,,,,,,,,,,0.0,0.0,0.0,0.0,0.0,230,,,,,0.0,0.0,0.0,0.0,,,,,,9.0,Tazo® Tea Drinks,Tazo® Green Tea Latte,Soymilk,4.5,0.5,0.0,0.0,110.0,36.0,2.0,33.0,10%,10%,35%,15%,55,Tazo® Green Tea Latte,9.0,110.0,4.5,2.0,33.0,230.0
,,,,,,,,,,,0.0,0.0,0.0,0.0,0.0,290,,,,,0.0,0.0,0.0,0.0,,,,,,14.0,Tazo® Tea Drinks,Tazo® Green Tea Latte,Grande Nonfat Milk,0.5,0.2,0.0,10.0,160.0,57.0,1.0,56.0,25%,15%,45%,4%,80,Tazo® Green Tea Latte,14.0,160.0,0.5,1.0,56.0,290.0
,,,,,,,,,,,0.0,0.0,0.0,0.0,0.0,350,,,,,0.0,0.0,0.0,0.0,,,,,,14.0,Tazo® Tea Drinks,Tazo® Green Tea Latte,2% Milk,8,4.0,0.2,30.0,180.0,57.0,1.0,55.0,20%,15%,45%,4%,80,Tazo® Green Tea Latte,14.0,180.0,8.0,1.0,55.0,350.0
,,,,,,,,,,,0.0,0.0,0.0,0.0,0.0,310,,,,,0.0,0.0,0.0,0.0,,,,,,11.0,Tazo® Tea Drinks,Tazo® Green Tea Latte,Soymilk,6,1.0,0.0,0.0,140.0,50.0,3.0,46.0,15%,15%,45%,25%,80,Tazo® Green Tea Latte,11.0,140.0,6.0,3.0,46.0,310.0
,,,,,,,,,,,0.0,0.0,0.0,0.0,0.0,370,,,,,0.0,0.0,0.0,0.0,,,,,,18.0,Tazo® Tea Drinks,Tazo® Green Tea Latte,Venti Nonfat Milk,0.5,0.3,0.0,10.0,200.0,73.0,2.0,71.0,30%,20%,60%,6%,110,Tazo® Green Tea Latte,18.0,200.0,0.5,2.0,71.0,370.0
,,,,,,,,,,,0.0,0.0,0.0,0.0,0.0,450,,,,,0.0,0.0,0.0,0.0,,,,,,17.0,Tazo® Tea Drinks,Tazo® Green Tea Latte,2% Milk,10,5.0,0.3,40.0,230.0,72.0,2.0,71.0,25%,20%,50%,6%,110,Tazo® Green Tea Latte,17.0,230.0,10.0,2.0,71.0,450.0
,,,,,,,,,,,0.0,0.0,0.0,0.0,0.0,390,,,,,0.0,0.0,0.0,0.0,,,,,,14.0,Tazo® Tea Drinks,Tazo® Green Tea Latte,Soymilk,8,1.0,0.0,0.0,180.0,64.0,4.0,58.0,20%,20%,60%,30%,110,Tazo® Green Tea Latte,14.0,180.0,8.0,4.0,58.0,390.0
,,,,,,,,,,,0.0,0.0,0.0,0.0,0.0,80,,,,,0.0,0.0,0.0,0.0,,,,,,4.0,Tazo® Tea Drinks,Tazo® Full-Leaf Tea Latte,Short Nonfat Milk,0.1,0.1,0.0,0.0,45.0,16.0,0.0,16.0,6%,0%,10%,0.00%,varies,Tazo® Full-Leaf Tea Latte,4.0,45.0,0.1,0.0,16.0,80.0
,,,,,,,,,,,0.0,0.0,0.0,0.0,0.0,90,,,,,0.0,0.0,0.0,0.0,,,,,,3.0,Tazo® Tea Drinks,Tazo® Full-Leaf Tea Latte,2% Milk,2,1.0,0.1,10.0,50.0,15.0,0.0,15.0,6%,0%,10%,0.00%,varies,Tazo® Full-Leaf Tea Latte,3.0,50.0,2.0,0.0,15.0,90.0
,,,,,,,,,,,0.0,0.0,0.0,0.0,0.0,80,,,,,0.0,0.0,0.0,0.0,,,,,,3.0,Tazo® Tea Drinks,Tazo® Full-Leaf Tea Latte,Soymilk,1.5,0.2,0.0,0.0,40.0,14.0,0.0,13.0,4%,0%,10%,6.00%,varies,Tazo® Full-Leaf Tea Latte,3.0,40.0,1.5,0.0,13.0,80.0
,,,,,,,,,,,0.0,0.0,0.0,0.0,0.0,120,,,,,0.0,0.0,0.0,0.0,,,,,,5.0,Tazo® Tea Drinks,Tazo® Full-Leaf Tea Latte,Tall Nonfat Milk,0.1,0.1,0.0,5.0,65.0,23.0,0.0,23.0,10%,0%,20%,0.00%,varies,Tazo® Full-Leaf Tea Latte,5.0,65.0,0.1,0.0,23.0,120.0
,,,,,,,,,,,0.0,0.0,0.0,0.0,0.0,140,,,,,0.0,0.0,0.0,0.0,,,,,,5.0,Tazo® Tea Drinks,Tazo® Full-Leaf Tea Latte,2% Milk,3,1.5,0.1,15.0,75.0,23.0,0.0,23.0,8%,0%,15%,0.00%,varies,Tazo® Full-Leaf Tea Latte,5.0,75.0,3.0,0.0,23.0,140.0
,,,,,,,,,,,0.0,0.0,0.0,0.0,0.0,130,,,,,0.0,0.0,0.0,0.0,,,,,,4.0,Tazo® Tea Drinks,Tazo® Full-Leaf Tea Latte,Soymilk,2.5,0.3,0.0,0.0,60.0,21.0,1.0,19.0,6%,0%,20%,8.00%,varies,Tazo® Full-Leaf Tea Latte,4.0,60.0,2.5,1.0,19.0,130.0
,,,,,,,,,,,0.0,0.0,0.0,0.0,0.0,150,,,,,0.0,0.0,0.0,0.0,,,,,,7.0,Tazo® Tea Drinks,Tazo® Full-Leaf Tea Latte,Grande Nonfat Milk,0.2,0.1,0.0,5.0,85.0,31.0,0.0,31.0,15%,0%,25%,0.00%,varies,Tazo® Full-Leaf Tea Latte,7.0,85.0,0.2,0.0,31.0,150.0
,,,,,,,,,,,0.0,0.0,0.0,0.0,0.0,190,,,,,0.0,0.0,0.0,0.0,,,,,,7.0,Tazo® Tea Drinks,Tazo® Full-Leaf Tea Latte,2% Milk,4,2.0,0.1,15.0,95.0,31.0,0.0,30.0,10%,0%,25%,0.00%,varies,Tazo® Full-Leaf Tea Latte,7.0,95.0,4.0,0.0,30.0,190.0
,,,,,,,,,,,0.0,0.0,0.0,0.0,0.0,170,,,,,0.0,0.0,0.0,0.0,,,,,,6.0,Tazo® Tea Drinks,Tazo® Full-Leaf Tea Latte,Soymilk,3.5,0.4,0.0,0.0,80.0,27.0,1.0,25.0,8%,0%,25%,10.00%,varies,Tazo® Full-Leaf Tea Latte,6.0,80.0,3.5,1.0,25.0,170.0
,,,,,,,,,,,0.0,0.0,0.0,0.0,0.0,190,,,,,0.0,0.0,0.0,0.0,,,,,,9.0,Tazo® Tea Drinks,Tazo® Full-Leaf Tea Latte,Venti Nonfat Milk,0.2,0.1,0.0,5.0,110.0,39.0,0.0,39.0,15%,0%,30%,0.00%,varies,Tazo® Full-Leaf Tea Latte,9.0,110.0,0.2,0.0,39.0,190.0
,,,,,,,,,,,0.0,0.0,0.0,0.0,0.0,230,,,,,0.0,0.0,0.0,0.0,,,,,,9.0,Tazo® Tea Drinks,Tazo® Full-Leaf Tea Latte,2% Milk,5,2.5,0.2,20.0,125.0,38.0,0.0,38.0,15%,0%,30%,0.00%,varies,Tazo® Full-Leaf Tea Latte,9.0,125.0,5.0,0.0,38.0,230.0
,,,,,,,,,,,0.0,0.0,0.0,0.0,0.0,210,,,,,0.0,0.0,0.0,0.0,,,,,,7.0,Tazo® Tea Drinks,Tazo® Full-Leaf Tea Latte,Soymilk,4,0.5,0.0,0.0,100.0,34.0,1.0,32.0,10%,0%,30%,15.00%,varies,Tazo® Full-Leaf Tea Latte,7.0,100.0,4.0,1.0,32.0,210.0
,,,,,,,,,,,0.0,0.0,0.0,0.0,0.0,80,,,,,0.0,0.0,0.0,0.0,,,,,,4.0,Tazo® Tea Drinks,Tazo® Full-Leaf Red Tea Latte (Vanilla Rooibos),Short Nonfat Milk,0.1,0.1,0.0,0.0,45.0,16.0,0.0,16.0,6%,0%,10%,0%,0,Tazo® Full-Leaf Red Tea Latte (Vanilla Rooibos),4.0,45.0,0.1,0.0,16.0,80.0
,,,,,,,,,,,0.0,0.0,0.0,0.0,0.0,90,,,,,0.0,0.0,0.0,0.0,,,,,,3.0,Tazo® Tea Drinks,Tazo® Full-Leaf Red Tea Latte (Vanilla Rooibos),2% Milk,2,1.0,0.1,10.0,50.0,15.0,0.0,15.0,6%,0%,10%,0%,0,Tazo® Full-Leaf Red Tea Latte (Vanilla Rooibos),3.0,50.0,2.0,0.0,15.0,90.0
,,,,,,,,,,,0.0,0.0,0.0,0.0,0.0,80,,,,,0.0,0.0,0.0,0.0,,,,,,3.0,Tazo® Tea Drinks,Tazo® Full-Leaf Red Tea Latte (Vanilla Rooibos),Soymilk,1.5,0.2,0.0,0.0,40.0,14.0,0.0,13.0,4%,0%,10%,6%,0,Tazo® Full-Leaf Red Tea Latte (Vanilla Rooibos),3.0,40.0,1.5,0.0,13.0,80.0
,,,,,,,,,,,0.0,0.0,0.0,0.0,0.0,120,,,,,0.0,0.0,0.0,0.0,,,,,,5.0,Tazo® Tea Drinks,Tazo® Full-Leaf Red Tea Latte (Vanilla Rooibos),Tall Nonfat Milk,0.1,0.1,0.0,5.0,65.0,23.0,0.0,23.0,10%,0%,20%,0%,0,Tazo® Full-Leaf Red Tea Latte (Vanilla Rooibos),5.0,65.0,0.1,0.0,23.0,120.0
,,,,,,,,,,,0.0,0.0,0.0,0.0,0.0,140,,,,,0.0,0.0,0.0,0.0,,,,,,5.0,Tazo® Tea Drinks,Tazo® Full-Leaf Red Tea Latte (Vanilla Rooibos),2% Milk,3,1.5,0.1,15.0,75.0,23.0,0.0,23.0,8%,0%,15%,0%,0,Tazo® Full-Leaf Red Tea Latte (Vanilla Rooibos),5.0,75.0,3.0,0.0,23.0,140.0
,,,,,,,,,,,0.0,0.0,0.0,0.0,0.0,130,,,,,0.0,0.0,0.0,0.0,,,,,,4.0,Tazo® Tea Drinks,Tazo® Full-Leaf Red Tea Latte (Vanilla Rooibos),Soymilk,2.5,0.3,0.0,0.0,60.0,21.0,1.0,19.0,6%,0%,20%,8%,0,Tazo® Full-Leaf Red Tea Latte (Vanilla Rooibos),4.0,60.0,2.5,1.0,19.0,130.0
,,,,,,,,,,,0.0,0.0,0.0,0.0,0.0,150,,,,,0.0,0.0,0.0,0.0,,,,,,7.0,Tazo® Tea Drinks,Tazo® Full-Leaf Red Tea Latte (Vanilla Rooibos),Grande Nonfat Milk,0.2,0.1,0.0,5.0,85.0,31.0,0.0,31.0,15%,0%,25%,0%,0,Tazo® Full-Leaf Red Tea Latte (Vanilla Rooibos),7.0,85.0,0.2,0.0,31.0,150.0
,,,,,,,,,,,0.0,0.0,0.0,0.0,0.0,190,,,,,0.0,0.0,0.0,0.0,,,,,,7.0,Tazo® Tea Drinks,Tazo® Full-Leaf Red Tea Latte (Vanilla Rooibos),2% Milk,4,2.0,0.1,15.0,95.0,31.0,0.0,30.0,10%,0%,25%,0%,0,Tazo® Full-Leaf Red Tea Latte (Vanilla Rooibos),7.0,95.0,4.0,0.0,30.0,190.0
,,,,,,,,,,,0.0,0.0,0.0,0.0,0.0,170,,,,,0.0,0.0,0.0,0.0,,,,,,6.0,Tazo® Tea Drinks,Tazo® Full-Leaf Red Tea Latte (Vanilla Rooibos),Soymilk,3.5,0.4,0.0,0.0,80.0,27.0,1.0,25.0,8%,0%,25%,10%,0,Tazo® Full-Leaf Red Tea Latte (Vanilla Rooibos),6.0,80.0,3.5,1.0,25.0,170.0
,,,,,,,,,,,0.0,0.0,0.0,0.0,0.0,190,,,,,0.0,0.0,0.0,0.0,,,,,,9.0,Tazo® Tea Drinks,Tazo® Full-Leaf Red Tea Latte (Vanilla Rooibos),Venti Nonfat Milk,0.2,0.1,0.0,5.0,110.0,39.0,0.0,39.0,15%,0%,30%,0%,0,Tazo® Full-Leaf Red Tea Latte (Vanilla Rooibos),9.0,110.0,0.2,0.0,39.0,190.0
,,,,,,,,,,,0.0,0.0,0.0,0.0,0.0,230,,,,,0.0,0.0,0.0,0.0,,,,,,9.0,Tazo® Tea Drinks,Tazo® Full-Leaf Red Tea Latte (Vanilla Rooibos),2% Milk,5,2.5,0.2,20.0,125.0,38.0,0.0,38.0,15%,0%,30%,0%,0,Tazo® Full-Leaf Red Tea Latte (Vanilla Rooibos),9.0,125.0,5.0,0.0,38.0,230.0
,,,,,,,,,,,0.0,0.0,0.0,0.0,0.0,210,,,,,0.0,0.0,0.0,0.0,,,,,,7.0,Tazo® Tea Drinks,Tazo® Full-Leaf Red Tea Latte (Vanilla Rooibos),Soymilk,4,0.5,0.0,0.0,100.0,34.0,1.0,32.0,10%,0%,30%,15%,0,Tazo® Full-Leaf Red Tea Latte (Vanilla Rooibos),7.0,100.0,4.0,1.0,32.0,210.0
,,,,,,,,,,,0.0,0.0,0.0,0.0,0.0,60,,,,,0.0,0.0,0.0,0.0,,,,,,0.2,Shaken Iced Beverages,Iced Brewed Coffee (With Classic Syrup),Tall,0,0.0,0.0,0.0,4.0,15.0,0.0,15.0,0%,0%,0%,0%,120,Iced Brewed Coffee (With Classic Syrup),0.2,4.0,0.0,0.0,15.0,60.0
,,,,,,,,,,,0.0,0.0,0.0,0.0,0.0,90,,,,,0.0,0.0,0.0,0.0,,,,,,0.3,Shaken Iced Beverages,Iced Brewed Coffee (With Classic Syrup),Grande,0.1,0.0,0.0,0.0,5.0,21.0,0.0,21.0,0%,0%,0%,0%,165,Iced Brewed Coffee (With Classic Syrup),0.3,5.0,0.1,0.0,21.0,90.0
,,,,,,,,,,,0.0,0.0,0.0,0.0,0.0,130,,,,,0.0,0.0,0.0,0.0,,,,,,0.4,Shaken Iced Beverages,Iced Brewed Coffee (With Classic Syrup),Venti,0.1,0.0,0.0,0.0,5.0,31.0,0.0,31.0,0%,0%,0%,0%,235,Iced Brewed Coffee (With Classic Syrup),0.4,5.0,0.1,0.0,31.0,130.0
,,,,,,,,,,,0.0,0.0,0.0,0.0,0.0,80,,,,,0.0,0.0,0.0,0.0,,,,,,2.0,Shaken Iced Beverages,Iced Brewed Coffee (With Milk & Classic Syrup),Tall Nonfat Milk,0.1,0.0,0.0,0.0,25.0,18.0,0.0,18.0,2%,0%,6%,0%,90,Iced Brewed Coffee (With Milk & Classic Syrup),2.0,25.0,0.1,0.0,18.0,80.0
,,,,,,,,,,,0.0,0.0,0.0,0.0,0.0,90,,,,,0.0,0.0,0.0,0.0,,,,,,2.0,Shaken Iced Beverages,Iced Brewed Coffee (With Milk & Classic Syrup),2% Milk,1,0.5,0.0,5.0,25.0,18.0,0.0,18.0,2%,0%,6%,0.00%,,Iced Brewed Coffee (With Milk & Classic Syrup),2.0,25.0,1.0,0.0,18.0,90.0
,,,,,,,,,,,0.0,0.0,0.0,0.0,0.0,80,,,,,0.0,0.0,0.0,0.0,,,,,,2.0,Shaken Iced Beverages,Iced Brewed Coffee (With Milk & Classic Syrup),Soymilk,1,0.1,0.0,0.0,20.0,17.0,0.0,17.0,2%,0%,6%,0%,90,Iced Brewed Coffee (With Milk & Classic Syrup),2.0,20.0,1.0,0.0,17.0,80.0
,,,,,,,,,,,0.0,0.0,0.0,0.0,0.0,110,,,,,0.0,0.0,0.0,0.0,,,,,,2.0,Shaken Iced Beverages,Iced Brewed Coffee (With Milk & Classic Syrup),Grande Nonfat Milk,0.1,0.0,0.0,0.0,30.0,24.0,0.0,24.0,4%,0%,8%,2%,90,Iced Brewed Coffee (With Milk & Classic Syrup),2.0,30.0,0.1,0.0,24.0,110.0
,,,,,,,,,,,0.0,0.0,0.0,0.0,0.0,120,,,,,0.0,0.0,0.0,0.0,,,,,,2.0,Shaken Iced Beverages,Iced Brewed Coffee (With Milk & Classic Syrup),2% Milk,1.5,0.5,0.0,5.0,35.0,24.0,0.0,24.0,4%,0%,8%,0%,125,Iced Brewed Coffee (With Milk & Classic Syrup),2.0,35.0,1.5,0.0,24.0,120.0
,,,,,,,,,,,0.0,0.0,0.0,0.0,0.0,110,,,,,0.0,0.0,0.0,0.0,,,,,,2.0,Shaken Iced Beverages,Iced Brewed Coffee (With Milk & Classic Syrup),Soymilk,1,0.1,0.0,0.0,30.0,23.0,0.0,22.0,2%,0%,8%,0%,125,Iced Brewed Coffee (With Milk & Classic Syrup),2.0,30.0,1.0,0.0,22.0,110.0
,,,,,,,,,,,0.0,0.0,0.0,0.0,0.0,160,,,,,0.0,0.0,0.0,0.0,,,,,,4.0,Shaken Iced Beverages,Iced Brewed Coffee (With Milk & Classic Syrup),Venti Nonfat Milk,0.1,0.1,0.0,0.0,50.0,36.0,0.0,36.0,6%,0%,10%,4%,125,Iced Brewed Coffee (With Milk & Classic Syrup),4.0,50.0,0.1,0.0,36.0,160.0
,,,,,,,,,,,0.0,0.0,0.0,0.0,0.0,180,,,,,0.0,0.0,0.0,0.0,,,,,,4.0,Shaken Iced Beverages,Iced Brewed Coffee (With Milk & Classic Syrup),2% Milk,2,1.0,0.1,10.0,55.0,36.0,0.0,36.0,6%,0%,10%,0%,170,Iced Brewed Coffee (With Milk & Classic Syrup),4.0,55.0,2.0,0.0,36.0,180.0
,,,,,,,,,,,0.0,0.0,0.0,0.0,0.0,170,,,,,0.0,0.0,0.0,0.0,,,,,,3.0,Shaken Iced Beverages,Iced Brewed Coffee (With Milk & Classic Syrup),Soymilk,1.5,0.2,0.0,0.0,45.0,34.0,0.0,33.0,4%,0%,10%,0%,170,Iced Brewed Coffee (With Milk & Classic Syrup),3.0,45.0,1.5,0.0,33.0,170.0
,,,,,,,,,,,0.0,0.0,0.0,0.0,0.0,60,,,,,0.0,0.0,0.0,0.0,,,,,,0.0,Shaken Iced Beverages,Shaken Iced Tazo® Tea (With Classic Syrup),Tall,0,0.0,0.0,0.0,0.0,15.0,0.0,15.0,0%,0%,0%,6%,170,Shaken Iced Tazo® Tea (With Classic Syrup),0.0,0.0,0.0,0.0,15.0,60.0
,,,,,,,,,,,0.0,0.0,0.0,0.0,0.0,80,,,,,0.0,0.0,0.0,0.0,,,,,,0.0,Shaken Iced Beverages,Shaken Iced Tazo® Tea (With Classic Syrup),Grande,0,0.0,0.0,0.0,0.0,21.0,0.0,21.0,0%,0%,0%,0%,Varies,Shaken Iced Tazo® Tea (With Classic Syrup),0.0,0.0,0.0,0.0,21.0,80.0
,,,,,,,,,,,0.0,0.0,0.0,0.0,0.0,120,,,,,0.0,0.0,0.0,0.0,,,,,,0.0,Shaken Iced Beverages,Shaken Iced Tazo® Tea (With Classic Syrup),Venti,0,0.0,0.0,0.0,0.0,31.0,0.0,31.0,0%,0%,0%,0%,Varies,Shaken Iced Tazo® Tea (With Classic Syrup),0.0,0.0,0.0,0.0,31.0,120.0
,,,,,,,,,,,0.0,0.0,0.0,0.0,0.0,100,,,,,0.0,0.0,0.0,0.0,,,,,,0.1,Shaken Iced Beverages,Shaken Iced Tazo® Tea Lemonade (With Classic Syrup),Tall,0,0.0,0.0,0.0,0.0,25.0,0.0,24.0,0%,10%,0%,0%,Varies,Shaken Iced Tazo® Tea Lemonade (With Classic Syrup),0.1,0.0,0.0,0.0,24.0,100.0
,,,,,,,,,,,0.0,0.0,0.0,0.0,0.0,130,,,,,0.0,0.0,0.0,0.0,,,,,,0.1,Shaken Iced Beverages,Shaken Iced Tazo® Tea Lemonade (With Classic Syrup),Grande,0,0.0,0.0,0.0,0.0,33.0,0.0,33.0,0%,15%,0%,0%,Varies,Shaken Iced Tazo® Tea Lemonade (With Classic Syrup),0.1,0.0,0.0,0.0,33.0,130.0
,,,,,,,,,,,0.0,0.0,0.0,0.0,0.0,190,,,,,0.0,0.0,0.0,0.0,,,,,,0.1,Shaken Iced Beverages,Shaken Iced Tazo® Tea Lemonade (With Classic Syrup),Venti,0,0.0,0.0,0.0,0.0,49.0,0.0,49.0,0%,20%,0%,0%,Varies,Shaken Iced Tazo® Tea Lemonade (With Classic Syrup),0.1,0.0,0.0,0.0,49.0,190.0
,,,,,,,,,,,0.0,0.0,0.0,0.0,0.0,280,,,,,0.0,0.0,0.0,0.0,,,,,,20.0,Smoothies,Banana Chocolate Smoothie,Grande Nonfat Milk,2.5,1.5,0.0,5.0,150.0,53.0,7.0,34.0,10%,15%,20%,0%,Varies,Banana Chocolate Smoothie,20.0,150.0,2.5,7.0,34.0,280.0
,,,,,,,,,,,0.0,0.0,0.0,0.0,0.0,300,,,,,0.0,0.0,0.0,0.0,,,,,,20.0,Smoothies,Banana Chocolate Smoothie,2% Milk,5,2.5,0.1,15.0,160.0,53.0,7.0,34.0,8%,15%,20%,20%,15,Banana Chocolate Smoothie,20.0,160.0,5.0,7.0,34.0,300.0
,,,,,,,,,,,0.0,0.0,0.0,0.0,0.0,290,,,,,0.0,0.0,0.0,0.0,,,,,,19.0,Smoothies,Banana Chocolate Smoothie,Soymilk,4.5,1.5,0.0,5.0,150.0,51.0,7.0,31.0,6%,15%,20%,20%,15,Banana Chocolate Smoothie,19.0,150.0,4.5,7.0,31.0,290.0
,,,,,,,,,,,0.0,0.0,0.0,0.0,0.0,260,,,,,0.0,0.0,0.0,0.0,,,,,,16.0,Smoothies,Orange Mango Banana Smoothie,Grande Nonfat Milk,1,0.3,0.0,5.0,120.0,54.0,6.0,37.0,50%,80%,10%,30%,15,Orange Mango Banana Smoothie,16.0,120.0,1.0,6.0,37.0,260.0
,,,,,,,,,,,0.0,0.0,0.0,0.0,0.0,270,,,,,0.0,0.0,0.0,0.0,,,,,,16.0,Smoothies,Orange Mango Banana Smoothie,2% Milk,1.5,0.5,0.0,5.0,125.0,53.0,6.0,37.0,50%,80%,10%,6%,0,Orange Mango Banana Smoothie,16.0,125.0,1.5,6.0,37.0,270.0
,,,,,,,,,,,0.0,0.0,0.0,0.0,0.0,270,,,,,0.0,0.0,0.0,0.0,,,,,,15.0,Smoothies,Orange Mango Banana Smoothie,Soymilk,1.5,0.4,0.0,5.0,120.0,53.0,6.0,36.0,50%,80%,10%,6%,0,Orange Mango Banana Smoothie,15.0,120.0,1.5,6.0,36.0,270.0
,,,,,,,,,,,0.0,0.0,0.0,0.0,0.0,290,,,,,0.0,0.0,0.0,0.0,,,,,,16.0,Smoothies,Strawberry Banana Smoothie,Grande Nonfat Milk,1,0.3,0.0,5.0,125.0,58.0,7.0,41.0,4%,100%,10%,8%,0,Strawberry Banana Smoothie,16.0,125.0,1.0,7.0,41.0,290.0
,,,,,,,,,,,0.0,0.0,0.0,0.0,0.0,290,,,,,0.0,0.0,0.0,0.0,,,,,,16.0,Smoothies,Strawberry Banana Smoothie,2% Milk,2,1.0,0.0,5.0,125.0,58.0,7.0,41.0,4%,100%,10%,8%,0,Strawberry Banana Smoothie,16.0,125.0,2.0,7.0,41.0,290.0
,,,,,,,,,,,0.0,0.0,0.0,0.0,0.0,290,,,,,0.0,0.0,0.0,0.0,,,,,,16.0,Smoothies,Strawberry Banana Smoothie,Soymilk,2,0.4,0.0,5.0,120.0,58.0,8.0,40.0,2%,100%,10%,8%,0,Strawberry Banana Smoothie,16.0,120.0,2.0,8.0,40.0,290.0
,,,,,,,,,,,0.0,0.0,0.0,0.0,0.0,160,,,,,0.0,0.0,0.0,0.0,,,,,,3.0,Frappuccino® Blended Coffee,Coffee,Tall Nonfat Milk,0.1,0.0,0.0,0.0,160.0,36.0,0.0,36.0,4%,0%,10%,10%,0,Coffee,3.0,160.0,0.1,0.0,36.0,160.0
,,,,,,,,,,,0.0,0.0,0.0,0.0,0.0,180,,,,,0.0,0.0,0.0,0.0,,,,,,3.0,Frappuccino® Blended Coffee,Coffee,Whole Milk,2.5,1.5,0.1,10.0,160.0,36.0,0.0,36.0,4%,0%,8%,0%,70,Coffee,3.0,160.0,2.5,0.0,36.0,180.0
,,,,,,,,,,,0.0,0.0,0.0,0.0,0.0,160,,,,,0.0,0.0,0.0,0.0,,,,,,2.0,Frappuccino® Blended Coffee,Coffee,Soymilk,1.5,0.2,0.0,0.0,150.0,35.0,0.0,34.0,4%,0%,10%,0%,70,Coffee,2.0,150.0,1.5,0.0,34.0,160.0
,,,,,,,,,,,0.0,0.0,0.0,0.0,0.0,220,,,,,0.0,0.0,0.0,0.0,,,,,,4.0,Frappuccino® Blended Coffee,Coffee,Grande Nonfat Milk,0.1,0.1,0.0,0.0,210.0,51.0,0.0,50.0,6%,0%,10%,4%,70,Coffee,4.0,210.0,0.1,0.0,50.0,220.0
,,,,,,,,,,,0.0,0.0,0.0,0.0,0.0,240,,,,,0.0,0.0,0.0,0.0,,,,,,3.0,Frappuccino® Blended Coffee,Coffee,Whole Milk,3,2.0,0.1,10.0,220.0,50.0,0.0,50.0,4%,0%,10%,0%,95,Coffee,3.0,220.0,3.0,0.0,50.0,240.0
,,,,,,,,,,,0.0,0.0,0.0,0.0,0.0,220,,,,,0.0,0.0,0.0,0.0,,,,,,3.0,Frappuccino® Blended Coffee,Coffee,Soymilk,1.5,0.2,0.0,0.0,210.0,49.0,0.0,47.0,4%,0%,10%,0%,95,Coffee,3.0,210.0,1.5,0.0,47.0,220.0
,,,,,,,,,,,0.0,0.0,0.0,0.0,0.0,310,,,,,0.0,0.0,0.0,0.0,,,,,,6.0,Frappuccino® Blended Coffee,Coffee,Venti Nonfat Milk,0.1,0.1,0.0,5.0,300.0,70.0,0.0,69.0,10%,0%,20%,6%,95,Coffee,6.0,300.0,0.1,0.0,69.0,310.0
,,,,,,,,,,,0.0,0.0,0.0,0.0,0.0,350,,,,,0.0,0.0,0.0,0.0,,,,,,5.0,Frappuccino® Blended Coffee,Coffee,Whole Milk,5,3.0,0.2,15.0,300.0,70.0,0.0,69.0,8%,0%,15%,2%,130,Coffee,5.0,300.0,5.0,0.0,69.0,350.0
,,,,,,,,,,,0.0,0.0,0.0,0.0,0.0,310,,,,,0.0,0.0,0.0,0.0,,,,,,5.0,Frappuccino® Blended Coffee,Coffee,Soymilk,2.5,0.3,0.0,0.0,300.0,68.0,1.0,66.0,6%,0%,20%,2%,130,Coffee,5.0,300.0,2.5,1.0,66.0,310.0
,,,,,,,,,,,0.0,0.0,0.0,0.0,0.0,180,,,,,0.0,0.0,0.0,0.0,,,,,,3.0,Frappuccino® Blended Coffee,Mocha (Without Whipped Cream),Tall Nonfat Milk,0.5,0.4,0.0,0.0,150.0,42.0,1.0,40.0,4%,0%,10%,8%,130,Mocha (Without Whipped Cream),3.0,150.0,0.5,1.0,40.0,180.0
,,,,,,,,,,,0.0,0.0,0.0,0.0,0.0,200,,,,,0.0,0.0,0.0,0.0,,,,,,3.0,Frappuccino® Blended Coffee,Mocha (Without Whipped Cream),Whole Milk,3,2.0,0.1,10.0,160.0,42.0,1.0,40.0,4%,0%,8%,6%,70,Mocha (Without Whipped Cream),3.0,160.0,3.0,1.0,40.0,200.0
,,,,,,,,,,,0.0,0.0,0.0,0.0,0.0,180,,,,,0.0,0.0,0.0,0.0,,,,,,3.0,Frappuccino® Blended Coffee,Mocha (Without Whipped Cream),Soymilk,2,0.5,0.0,0.0,150.0,40.0,1.0,38.0,4%,0%,10%,10%,70,Mocha (Without Whipped Cream),3.0,150.0,2.0,1.0,38.0,180.0
,,,,,,,,,,,0.0,0.0,0.0,0.0,0.0,260,,,,,0.0,0.0,0.0,0.0,,,,,,4.0,Frappuccino® Blended Coffee,Mocha (Without Whipped Cream),Grande Nonfat Milk,1,0.5,0.0,0.0,220.0,61.0,1.0,58.0,6%,0%,10%,8%,110,Mocha (Without Whipped Cream),4.0,220.0,1.0,1.0,58.0,260.0
,,,,,,,,,,,0.0,0.0,0.0,0.0,0.0,290,,,,,0.0,0.0,0.0,0.0,,,,,,4.0,Frappuccino® Blended Coffee,Mocha (Without Whipped Cream),Whole Milk,4,2.5,0.1,10.0,220.0,61.0,1.0,58.0,4%,0%,10%,8%,110,Mocha (Without Whipped Cream),4.0,220.0,4.0,1.0,58.0,290.0
,,,,,,,,,,,0.0,0.0,0.0,0.0,0.0,260,,,,,0.0,0.0,0.0,0.0,,,,,,4.0,Frappuccino® Blended Coffee,Mocha (Without Whipped Cream),Soymilk,2.5,0.5,0.0,0.0,220.0,59.0,1.0,55.0,4%,0%,10%,15%,110,Mocha (Without Whipped Cream),4.0,220.0,2.5,1.0,55.0,260.0
,,,,,,,,,,,0.0,0.0,0.0,0.0,0.0,340,,,,,0.0,0.0,0.0,0.0,,,,,,7.0,Frappuccino® Blended Coffee,Mocha (Without Whipped Cream),Venti Nonfat Milk,1,0.5,0.0,5.0,300.0,80.0,1.0,76.0,10%,0%,15%,10%,140,Mocha (Without Whipped Cream),7.0,300.0,1.0,1.0,76.0,340.0
,,,,,,,,,,,0.0,0.0,0.0,0.0,0.0,390,,,,,0.0,0.0,0.0,0.0,,,,,,6.0,Frappuccino® Blended Coffee,Mocha (Without Whipped Cream),Whole Milk,6,3.5,0.1,15.0,300.0,80.0,1.0,76.0,8%,0%,15%,10%,140,Mocha (Without Whipped Cream),6.0,300.0,6.0,1.0,76.0,390.0
,,,,,,,,,,,0.0,0.0,0.0,0.0,0.0,350,,,,,0.0,0.0,0.0,0.0,,,,,,6.0,Frappuccino® Blended Coffee,Mocha (Without Whipped Cream),Soymilk,3,1.0,0.0,0.0,290.0,78.0,2.0,73.0,6%,0%,20%,20%,140,Mocha (Without Whipped Cream),6.0,290.0,3.0,2.0,73.0,350.0
,,,,,,,,,,,0.0,0.0,0.0,0.0,0.0,180,,,,,0.0,0.0,0.0,0.0,,,,,,3.0,Frappuccino® Blended Coffee,Caramel (Without Whipped Cream),Tall Nonfat Milk,0.1,0.0,0.0,0.0,160.0,42.0,0.0,41.0,4%,0%,10%,0%,70,Caramel (Without Whipped Cream),3.0,160.0,0.1,0.0,41.0,180.0
,,,,,,,,,,,0.0,0.0,0.0,0.0,0.0,200,,,,,0.0,0.0,0.0,0.0,,,,,,3.0,Frappuccino® Blended Coffee,Caramel (Without Whipped Cream),Whole Milk,2.5,1.5,0.1,10.0,160.0,42.0,0.0,41.0,4%,0%,8%,0%,70,Caramel (Without Whipped Cream),3.0,160.0,2.5,0.0,41.0,200.0
,,,,,,,,,,,0.0,0.0,0.0,0.0,0.0,180,,,,,0.0,0.0,0.0,0.0,,,,,,2.0,Frappuccino® Blended Coffee,Caramel (Without Whipped Cream),Soymilk,1.5,0.2,0.0,0.0,150.0,40.0,0.0,39.0,4%,0%,10%,4%,70,Caramel (Without Whipped Cream),2.0,150.0,1.5,0.0,39.0,180.0
,,,,,,,,,,,0.0,0.0,0.0,0.0,0.0,280,,,,,0.0,0.0,0.0,0.0,,,,,,4.0,Frappuccino® Blended Coffee,Caramel (Without Whipped Cream),Grande Nonfat Milk,0.1,0.1,0.0,0.0,220.0,60.0,0.0,59.0,6%,0%,10%,0%,100,Caramel (Without Whipped Cream),4.0,220.0,0.1,0.0,59.0,280.0
,,,,,,,,,,,0.0,0.0,0.0,0.0,0.0,280,,,,,0.0,0.0,0.0,0.0,,,,,,3.0,Frappuccino® Blended Coffee,Caramel (Without Whipped Cream),Whole Milk,3.5,2.0,0.1,10.0,220.0,60.0,0.0,59.0,4%,0%,10%,0%,100,Caramel (Without Whipped Cream),3.0,220.0,3.5,0.0,59.0,280.0
,,,,,,,,,,,0.0,0.0,0.0,0.0,0.0,260,,,,,0.0,0.0,0.0,0.0,,,,,,3.0,Frappuccino® Blended Coffee,Caramel (Without Whipped Cream),Soymilk,1.5,0.2,0.0,0.0,220.0,58.0,0.0,56.0,4%,0%,10%,6%,100,Caramel (Without Whipped Cream),3.0,220.0,1.5,0.0,56.0,260.0
,,,,,,,,,,,0.0,0.0,0.0,0.0,0.0,330,,,,,0.0,0.0,0.0,0.0,,,,,,5.0,Frappuccino® Blended Coffee,Caramel (Without Whipped Cream),Venti Nonfat Milk,0.1,0.1,0.0,5.0,290.0,78.0,0.0,77.0,10%,0%,15%,2%,130,Caramel (Without Whipped Cream),5.0,290.0,0.1,0.0,77.0,330.0
,,,,,,,,,,,0.0,0.0,0.0,0.0,0.0,370,,,,,0.0,0.0,0.0,0.0,,,,,,5.0,Frappuccino® Blended Coffee,Caramel (Without Whipped Cream),Whole Milk,5,3.0,0.1,15.0,300.0,78.0,0.0,77.0,8%,0%,15%,2%,130,Caramel (Without Whipped Cream),5.0,300.0,5.0,0.0,77.0,370.0
,,,,,,,,,,,0.0,0.0,0.0,0.0,0.0,340,,,,,0.0,0.0,0.0,0.0,,,,,,5.0,Frappuccino® Blended Coffee,Caramel (Without Whipped Cream),Soymilk,2.5,0.3,0.0,0.0,290.0,75.0,1.0,73.0,6%,0%,20%,8%,130,Caramel (Without Whipped Cream),5.0,290.0,2.5,1.0,73.0,340.0
,,,,,,,,,,,0.0,0.0,0.0,0.0,0.0,220,,,,,0.0,0.0,0.0,0.0,,,,,,4.0,Frappuccino® Blended Coffee,Java Chip (Without Whipped Cream),Tall Nonfat Milk,3,2.0,0.0,0.0,170.0,47.0,1.0,44.0,4%,0%,10%,20%,75,Java Chip (Without Whipped Cream),4.0,170.0,3.0,1.0,44.0,220.0
,,,,,,,,,,,0.0,0.0,0.0,0.0,0.0,240,,,,,0.0,0.0,0.0,0.0,,,,,,4.0,Frappuccino® Blended Coffee,Java Chip (Without Whipped Cream),Whole Milk,5,3.5,0.1,10.0,170.0,47.0,1.0,44.0,4%,0%,8%,20%,75,Java Chip (Without Whipped Cream),4.0,170.0,5.0,1.0,44.0,240.0
,,,,,,,,,,,0.0,0.0,0.0,0.0,0.0,220,,,,,0.0,0.0,0.0,0.0,,,,,,3.0,Frappuccino® Blended Coffee,Java Chip (Without Whipped Cream),Soymilk,4,2.5,0.0,0.0,170.0,45.0,1.0,42.0,4%,0%,10%,20%,75,Java Chip (Without Whipped Cream),3.0,170.0,4.0,1.0,42.0,220.0
,,,,,,,,,,,0.0,0.0,0.0,0.0,0.0,310,,,,,0.0,0.0,0.0,0.0,,,,,,5.0,Frappuccino® Blended Coffee,Java Chip (Without Whipped Cream),Grande Nonfat Milk,4,3.0,0.0,0.0,250.0,67.0,2.0,62.0,6%,0%,10%,25%,110,Java Chip (Without Whipped Cream),5.0,250.0,4.0,2.0,62.0,310.0
,,,,,,,,,,,0.0,0.0,0.0,0.0,0.0,340,,,,,0.0,0.0,0.0,0.0,,,,,,5.0,Frappuccino® Blended Coffee,Java Chip (Without Whipped Cream),Whole Milk,7,5.0,0.1,10.0,250.0,67.0,2.0,62.0,4%,0%,10%,25%,110,Java Chip (Without Whipped Cream),5.0,250.0,7.0,2.0,62.0,340.0
,,,,,,,,,,,0.0,0.0,0.0,0.0,0.0,310,,,,,0.0,0.0,0.0,0.0,,,,,,4.0,Frappuccino® Blended Coffee,Java Chip (Without Whipped Cream),Soymilk,6,3.5,0.0,0.0,240.0,65.0,2.0,60.0,4%,0%,10%,30%,110,Java Chip (Without Whipped Cream),4.0,240.0,6.0,2.0,60.0,310.0
,,,,,,,,,,,0.0,0.0,0.0,0.0,0.0,420,,,,,0.0,0.0,0.0,0.0,,,,,,7.0,Frappuccino® Blended Coffee,Java Chip (Without Whipped Cream),Venti Nonfat Milk,5,4.0,0.0,5.0,340.0,90.0,2.0,84.0,10%,0%,20%,35%,145,Java Chip (Without Whipped Cream),7.0,340.0,5.0,2.0,84.0,420.0
,,,,,,,,,,,0.0,0.0,0.0,0.0,0.0,460,,,,,0.0,0.0,0.0,0.0,,,,,,7.0,Frappuccino® Blended Coffee,Java Chip (Without Whipped Cream),Whole Milk,10,7.0,0.2,15.0,340.0,90.0,2.0,84.0,6%,0%,15%,35%,145,Java Chip (Without Whipped Cream),7.0,340.0,10.0,2.0,84.0,460.0
,,,,,,,,,,,0.0,0.0,0.0,0.0,0.0,430,,,,,0.0,0.0,0.0,0.0,,,,,,6.0,Frappuccino® Blended Coffee,Java Chip (Without Whipped Cream),Soymilk,8,4.5,0.0,0.0,330.0,88.0,3.0,80.0,6%,0%,20%,40%,145,Java Chip (Without Whipped Cream),6.0,330.0,8.0,3.0,80.0,430.0
,,,,,,,,,,,0.0,0.0,0.0,0.0,0.0,90,,,,,0.0,0.0,0.0,0.0,,,,,,3.0,Frappuccino® Light Blended Coffee,Coffee,Tall Nonfat Milk,0.1,0.0,0.0,0.0,160.0,20.0,0.0,19.0,4%,0%,10%,0%,70,Coffee,3.0,160.0,0.1,0.0,19.0,90.0
,,,,,,,,,,,0.0,0.0,0.0,0.0,0.0,120,,,,,0.0,0.0,0.0,0.0,,,,,,3.0,Frappuccino® Light Blended Coffee,Coffee,Grande Nonfat Milk,0.1,0.1,0.0,0.0,210.0,26.0,0.0,26.0,6%,0%,10%,0%,95,Coffee,3.0,210.0,0.1,0.0,26.0,120.0
,,,,,,,,,,,0.0,0.0,0.0,0.0,0.0,160,,,,,0.0,0.0,0.0,0.0,,,,,,5.0,Frappuccino® Light Blended Coffee,Coffee,Venti Nonfat Milk,0.1,0.1,0.0,5.0,270.0,34.0,0.0,33.0,8%,0%,15%,2%,120,Coffee,5.0,270.0,0.1,0.0,33.0,160.0
,,,,,,,,,,,0.0,0.0,0.0,0.0,0.0,110,,,,,0.0,0.0,0.0,0.0,,,,,,3.0,Frappuccino® Light Blended Coffee,Mocha,Tall Nonfat Milk,0.5,0.4,0.0,0.0,150.0,24.0,1.0,23.0,4%,0%,8%,6%,70,Mocha,3.0,150.0,0.5,1.0,23.0,110.0
,,,,,,,,,,,0.0,0.0,0.0,0.0,0.0,150,,,,,0.0,0.0,0.0,0.0,,,,,,4.0,Frappuccino® Light Blended Coffee,Mocha,Grande Nonfat Milk,1,0.5,0.0,0.0,200.0,33.0,1.0,30.0,6%,0%,10%,8%,95,Mocha,4.0,200.0,1.0,1.0,30.0,150.0
,,,,,,,,,,,0.0,0.0,0.0,0.0,0.0,210,,,,,0.0,0.0,0.0,0.0,,,,,,6.0,Frappuccino® Light Blended Coffee,Mocha,Venti Nonfat Milk,1,0.5,0.0,5.0,280.0,46.0,1.0,42.0,8%,0%,15%,10%,130,Mocha,6.0,280.0,1.0,1.0,42.0,210.0
,,,,,,,,,,,0.0,0.0,0.0,0.0,0.0,100,,,,,0.0,0.0,0.0,0.0,,,,,,3.0,Frappuccino® Light Blended Coffee,Caramel,Tall Nonfat Milk,0.1,0.0,0.0,0.0,140.0,23.0,0.0,23.0,4%,0%,8%,0%,65,Caramel,3.0,140.0,0.1,0.0,23.0,100.0
,,,,,,,,,,,0.0,0.0,0.0,0.0,0.0,150,,,,,0.0,0.0,0.0,0.0,,,,,,3.0,Frappuccino® Light Blended Coffee,Caramel,Grande Nonfat Milk,0.1,0.1,0.0,0.0,200.0,33.0,0.0,32.0,6%,0%,10%,0%,90,Caramel,3.0,200.0,0.1,0.0,32.0,150.0
,,,,,,,,,,,0.0,0.0,0.0,0.0,0.0,200,,,,,0.0,0.0,0.0,0.0,,,,,,5.0,Frappuccino® Light Blended Coffee,Caramel,Venti Nonfat Milk,0.1,0.1,0.0,5.0,270.0,44.0,0.0,43.0,8%,0%,15%,2%,120,Caramel,5.0,270.0,0.1,0.0,43.0,200.0
,,,,,,,,,,,0.0,0.0,0.0,0.0,0.0,150,,,,,0.0,0.0,0.0,0.0,,,,,,4.0,Frappuccino® Light Blended Coffee,Java Chip,Tall Nonfat Milk,3,2.0,0.0,0.0,170.0,30.0,1.0,27.0,4%,0%,10%,20%,70,Java Chip,4.0,170.0,3.0,1.0,27.0,150.0
,,,,,,,,,,,0.0,0.0,0.0,0.0,0.0,220,,,,,0.0,0.0,0.0,0.0,,,,,,5.0,Frappuccino® Light Blended Coffee,Java Chip,Grande Nonfat Milk,4,3.0,0.0,0.0,240.0,43.0,2.0,39.0,6%,0%,10%,25%,105,Java Chip,5.0,240.0,4.0,2.0,39.0,220.0
,,,,,,,,,,,0.0,0.0,0.0,0.0,0.0,290,,,,,0.0,0.0,0.0,0.0,,,,,,7.0,Frappuccino® Light Blended Coffee,Java Chip,Venti Nonfat Milk,5,4.0,0.0,5.0,320.0,58.0,2.0,52.0,8%,0%,15%,35%,165,Java Chip,7.0,320.0,5.0,2.0,52.0,290.0
,,,,,,,,,,,0.0,0.0,0.0,0.0,0.0,170,,,,,0.0,0.0,0.0,0.0,,,,,,3.0,Frappuccino® Blended Crème,Strawberries & Crème (Without Whipped Cream),Tall Nonfat Milk,0.1,0.1,0.0,0.0,140.0,39.0,0.0,38.0,6%,6%,10%,2%,0,Strawberries & Crème (Without Whipped Cream),3.0,140.0,0.1,0.0,38.0,170.0
,,,,,,,,,,,0.0,0.0,0.0,0.0,0.0,190,,,,,0.0,0.0,0.0,0.0,,,,,,3.0,Frappuccino® Blended Crème,Strawberries & Crème (Without Whipped Cream),Whole Milk,3,1.5,0.1,10.0,140.0,38.0,0.0,37.0,4%,6%,10%,2%,0,Strawberries & Crème (Without Whipped Cream),3.0,140.0,3.0,0.0,37.0,190.0
,,,,,,,,,,,0.0,0.0,0.0,0.0,0.0,170,,,,,0.0,0.0,0.0,0.0,,,,,,3.0,Frappuccino® Blended Crème,Strawberries & Crème (Without Whipped Cream),Soymilk,1.5,0.2,0.0,0.0,135.0,37.0,1.0,35.0,4%,6%,10%,6%,0,Strawberries & Crème (Without Whipped Cream),3.0,135.0,1.5,1.0,35.0,170.0
,,,,,,,,,,,0.0,0.0,0.0,0.0,0.0,230,,,,,0.0,0.0,0.0,0.0,,,,,,4.0,Frappuccino® Blended Crème,Strawberries & Crème (Without Whipped Cream),Grande Nonfat Milk,0.2,0.1,0.0,0.0,190.0,53.0,0.0,52.0,8%,6%,15%,4%,0,Strawberries & Crème (Without Whipped Cream),4.0,190.0,0.2,0.0,52.0,230.0
,,,,,,,,,,,0.0,0.0,0.0,0.0,0.0,260,,,,,0.0,0.0,0.0,0.0,,,,,,4.0,Frappuccino® Blended Crème,Strawberries & Crème (Without Whipped Cream),Whole Milk,4,2.0,0.1,10.0,190.0,53.0,0.0,52.0,6%,6%,15%,4%,0,Strawberries & Crème (Without Whipped Cream),4.0,190.0,4.0,0.0,52.0,260.0
,,,,,,,,,,,0.0,0.0,0.0,0.0,0.0,240,,,,,0.0,0.0,0.0,0.0,,,,,,3.0,Frappuccino® Blended Crème,Strawberries & Crème (Without Whipped Cream),Soymilk,2,0.2,0.0,0.0,180.0,51.0,1.0,49.0,4%,6%,15%,8%,0,Strawberries & Crème (Without Whipped Cream),3.0,180.0,2.0,1.0,49.0,240.0
,,,,,,,,,,,0.0,0.0,0.0,0.0,0.0,310,,,,,0.0,0.0,0.0,0.0,,,,,,6.0,Frappuccino® Blended Crème,Strawberries & Crème (Without Whipped Cream),Venti Nonfat Milk,0.2,0.1,0.0,5.0,260.0,70.0,0.0,69.0,10%,8%,20%,4%,0,Strawberries & Crème (Without Whipped Cream),6.0,260.0,0.2,0.0,69.0,310.0
,,,,,,,,,,,0.0,0.0,0.0,0.0,0.0,350,,,,,0.0,0.0,0.0,0.0,,,,,,6.0,Frappuccino® Blended Crème,Strawberries & Crème (Without Whipped Cream),Whole Milk,6,3.0,0.2,15.0,260.0,70.0,0.0,68.0,8%,8%,20%,4%,0,Strawberries & Crème (Without Whipped Cream),6.0,260.0,6.0,0.0,68.0,350.0
,,,,,,,,,,,0.0,0.0,0.0,0.0,0.0,320,,,,,0.0,0.0,0.0,0.0,,,,,,5.0,Frappuccino® Blended Crème,Strawberries & Crème (Without Whipped Cream),Soymilk,3 2,0.4,0.0,0.0,250.0,67.0,1.0,64.0,6%,8%,20%,10%,0,Strawberries & Crème (Without Whipped Cream),5.0,250.0,0.0,1.0,64.0,320.0
,,,,,,,,,,,0.0,0.0,0.0,0.0,0.0,170,,,,,0.0,0.0,0.0,0.0,,,,,,4.0,Frappuccino® Blended Crème,Vanilla Bean (Without Whipped Cream),Tall Nonfat Milk,0.1,0.1,0.0,0.0,160.0,39.0,0.0,38.0,6%,0%,10%,0%,0,Vanilla Bean (Without Whipped Cream),4.0,160.0,0.1,0.0,38.0,170.0
,,,,,,,,,,,0.0,0.0,0.0,0.0,0.0,200,,,,,0.0,0.0,0.0,0.0,,,,,,3.0,Frappuccino® Blended Crème,Vanilla Bean (Without Whipped Cream),Whole Milk,3.5,2.0,0.1,10.0,160.0,39.0,0.0,38.0,6%,0%,10%,0%,0,Vanilla Bean (Without Whipped Cream),3.0,160.0,3.5,0.0,38.0,200.0
,,,,,,,,,,,0.0,0.0,0.0,0.0,0.0,180,,,,,0.0,0.0,0.0,0.0,,,,,,3.0,Frappuccino® Blended Crème,Vanilla Bean (Without Whipped Cream),Soymilk,1.5,0.2,0.0,0.0,160.0,37.0,1.0,35.0,4%,0%,10%,6%,0,Vanilla Bean (Without Whipped Cream),3.0,160.0,1.5,1.0,35.0,180.0
,,,,,,,,,,,0.0,0.0,0.0,0.0,0.0,240,,,,,0.0,0.0,0.0,0.0,,,,,,5.0,Frappuccino® Blended Crème,Vanilla Bean (Without Whipped Cream),Grande Nonfat Milk,0.1,0.1,0.0,5.0,230.0,56.0,0.0,55.0,8%,0%,15%,0%,0,Vanilla Bean (Without Whipped Cream),5.0,230.0,0.1,0.0,55.0,240.0
